"X.1","X","date_time_samp","site","plot_num","treatment","exclosure","paired","longitude","latitude","man_long","man_lat","barcode","siteX","treatmentX","exclosureX","pairedX","plot","cluster","clusterBC","plotBC","factorial","Date","hour","minute","time","season","notes_cluster","number","year","CT1","CT2","CT3","CT4","Ct_detects","positive","cluster_pair","Library_Name","Aphelidiomycota","Ascomycota","Basidiobolomycota","Basidiomycota","Blastocladiomycota","Chytridiomycota","Entorrhizomycota","Glomeromycota","Monoblepharomycota","Mortierellomycota","Mucoromycota","Olpidiomycota","Rozellomycota","unidentified","Unknown","Zoopagomycota"
1,1,"4/19/21 16:55",1,7,0,0,1,-119.6549475,35.08328973,NA,NA,"AS07SN11","S","S","E",1,"S07","S07SE1","S07SN1","S07","SE","4/19/21 16:55",16,55,16.91666667,"Spring",NA,NA,NA,NA,NA,NA,NA,0,0,"S701","JTMR011CQ",0,63414,0,1344,0,15,0,606,0,0,25,0,0,24,467,0
2,2,"4/19/21 17:05",1,7,1,0,1,-119.655221,35.06577047,NA,NA,"AS07PE11","S","P","E",1,"S07","S07PE1","S07PE1","S07","PE","4/19/21 17:05",17,5,17.08333333,"Spring",NA,NA,NA,34.13,37.14,NA,NA,2,0,"S701","JTMR011DP",0,77909,0,396,0,266,0,10,0,0,124,0,0,4,1320,0
3,3,"4/19/21 11:10",1,8,1,0,1,-119.6802852,35.05927597,NA,NA,"AS08PE11","S","P","E",1,"S08","S08PE1","S08PE1","S08","PE","4/19/21 11:10",11,10,11.16666667,"Spring",NA,NA,NA,NA,NA,NA,NA,0,0,"S801","JTMR010DY",0,41901,0,990,0,191,0,191,0,929,283,17,12,4,566,0
4,4,"4/19/21 11:39",1,8,0,0,1,-119.6800302,35.0587963,NA,NA,"AS08SE11","S","S","E",1,"S08","S08SE1","S08SE1","S08","SE","4/19/21 11:39",11,39,11.65,"Spring",NA,NA,NA,NA,NA,NA,NA,0,0,"S801","JTMR011AC",0,44082,0,910,0,0,0,172,0,0,0,0,5,0,41,0
6,6,"4/19/21 14:38",1,10,0,0,1,-119.480762,34.98586131,NA,NA,"AS10SE11","S","S","E",1,"S10","S10SE1","S10SE1","S10","SE","4/19/21 14:38",14,38,14.63333333,"Spring",NA,NA,NA,NA,NA,NA,NA,0,0,"S1001","JTMR010CU",0,82749,0,6794,0,819,0,1529,113,506,0,82,0,57,5600,0
9,9,"4/19/21 14:08",1,10,1,1,1,-119.6921527,35.06498,NA,NA,"AS10PN11","S","P","N",1,"S10","S10PN1","S10PN1","S10","PN","4/19/21 14:08",14,8,14.13333333,"Spring",NA,NA,NA,NA,NA,NA,NA,0,0,"S1011","JTMR011AT",0,69314,0,5205,0,159,0,109,0,0,0,0,0,0,1388,0
10,10,"4/19/21 14:26",1,10,0,1,1,-119.6921896,35.06494627,NA,NA,"AS10SN11","S","S","N",1,"S10","S10SN1","S10SN1","S10","SN","4/19/21 14:26",14,26,14.43333333,"Spring",NA,NA,NA,NA,NA,NA,NA,0,0,"S1011","JTMR010AM",0,51077,0,2953,0,282,0,291,30,348,0,8,0,15,1848,0
11,11,"4/19/21 12:34",1,9,1,1,1,-119.6857639,35.06167467,NA,NA,"AS09PN11","S","P","N",1,"S09","S09PN1","S09PN1","S09","PN","4/19/21 12:34",12,34,12.56666667,"Spring",NA,NA,NA,34.56,33.96,35.83,34.64,4,1,"S911","JTMR011Z",0,58766,0,2563,0,256,0,6,0,0,191,0,0,22,210,0
12,12,"4/19/21 12:49",1,9,0,1,1,-119.6858767,35.06172396,NA,NA,"AS09SN11","S","S","N",1,"S09","S09SN1","S09SN1","S09","SN","4/19/21 12:49",12,49,12.81666667,"Spring",NA,NA,NA,NA,NA,NA,NA,0,0,"S911","JTMR011AD",0,24461,0,21623,0,42,0,14,0,0,15,0,0,393,2478,0
13,13,"4/19/21 12:59",1,9,1,0,1,-119.6859942,35.06130704,NA,NA,"AS09PE11","S","P","E",1,"S09","S09PE1","S09PE1","S09","PE","4/19/21 12:59",12,59,12.98333333,"Spring",NA,NA,NA,NA,NA,NA,NA,0,0,"S901","JTMR011AO",0,56582,0,3423,0,41,0,68,0,0,224,0,10,0,215,0
14,14,"4/19/21 13:07",1,9,0,0,1,-119.6860301,35.06126718,NA,NA,"AS09SE11","S","S","E",1,"S09","S09SE1","S09SE1","S09","SE","4/19/21 13:07",13,7,13.11666667,"Spring",NA,NA,NA,NA,NA,NA,NA,0,0,"S901","JTMR010AI",0,56545,0,2554,0,226,0,396,10,2193,28,17,0,4,1504,0
16,16,"4/19/21 10:20",1,8,1,1,1,-119.6803251,35.05925036,NA,NA,"AS08PN11","S","P","N",1,"S08","S08PN1","S08PN1","S08","PN","4/19/21 10:20",10,20,10.33333333,"Spring",NA,NA,NA,NA,36.74,37.26,38.38,3,1,"S811","JTMR010DK",0,62750,0,3312,0,1343,22,22,0,905,333,0,0,150,1504,0
17,17,"4/19/21 10:42",1,8,0,1,1,-119.6803061,35.0592554,NA,NA,"AS08SN11","S","S","N",1,"S08","S08SN1","S08SN1","S08","SN","4/19/21 10:42",10,42,10.7,"Spring",NA,NA,NA,NA,NA,NA,NA,0,0,"S811","JTMR010AU",0,52548,0,2008,0,3439,0,734,0,656,5,52,13,52,3563,0
18,18,"4/19/21 14:38",1,10,1,0,1,-119.6926353,35.0647591,NA,NA,"AS10PE11","S","P","E",1,"S10","S10PE1","S10PE1","S10","PE","4/19/21 14:38",14,38,14.63333333,"Spring",NA,NA,NA,NA,NA,NA,NA,0,0,"S1001","JTMR011ES",0,59729,0,8342,0,48,0,106,0,0,0,0,0,5,105,0
19,19,"4/19/21 15:52",1,7,1,1,1,-119.6555894,35.08361336,NA,NA,"AS07PN11","S","P","N",1,"S07","S07PN1","S07PN1","S07","PN","4/19/21 15:52",15,52,15.86666667,"Spring",NA,NA,NA,NA,NA,NA,NA,0,0,"S711","JTMR010J",0,58944,0,17124,0,1485,0,9,0,617,52,0,484,11,2781,0
20,20,"4/19/21 16:10",1,7,0,1,1,-119.6556631,35.08355597,NA,NA,"AS07SE11","S","S","N",1,"S07","S07SN1","S07SE1","S07","SN","4/19/21 16:10",16,10,16.16666667,"Spring",NA,NA,NA,NA,NA,NA,NA,0,0,"S711","JTMR011D",0,51524,0,4578,0,221,0,287,0,0,8,0,0,114,2673,0
21,21,"4/20/21 8:54",0,1,1,1,1,-119.7464592,35.13335429,NA,NA,"AC01PN11","C","P","N",1,"C01","C01PN1","C01PN1","C01","PN","4/20/21 8:54",8,54,8.9,"Spring",NA,NA,NA,NA,NA,NA,NA,0,0,"C111","JTMR010DD",0,57438,4,1497,0,1733,0,0,0,6757,124,0,0,21,895,0
22,22,"4/20/21 9:19",0,1,0,1,1,-119.7465261,35.13336847,NA,NA,"AC01SN11","C","S","N",1,"C01","C01SN1","C01SN1","C01","SN","4/20/21 9:19",9,19,9.316666667,"Spring",NA,NA,NA,NA,NA,NA,NA,0,0,"C111","JTMR011AE",0,65358,0,1237,0,13,0,354,0,0,8,0,0,29,330,0
23,23,"4/20/21 9:36",0,1,1,0,1,-119.7465626,35.13333827,NA,NA,"AC01PE11","C","P","E",1,"C01","C01PE1","C01PE1","C01","PE","4/20/21 9:36",9,36,9.6,"Spring",NA,NA,NA,NA,NA,NA,NA,0,0,"C101","JTMR010CF",0,63616,0,5600,0,133,0,11,0,100,6,0,0,14,769,0
24,24,"4/20/21 11:58",0,5,1,1,1,-119.7390416,35.12009123,NA,NA,"AC05PN11","C","P","N",1,"C05","C05PN1","C05PN1","C05","PN","4/20/21 11:58",11,58,11.96666667,"Spring",NA,NA,NA,32.34,32.51,32.39,32.41,4,1,"C511","JTMR010R",0,58364,5,1279,0,4553,0,88,0,198,114,0,0,11,1207,0
25,25,"4/20/21 12:07",0,5,0,1,1,-119.7390459,35.12011426,NA,NA,"AC05SN11","C","S","N",1,"C05","C05SN1","C05SN1","C05","SN","4/20/21 12:07",12,7,12.11666667,"Spring",NA,NA,NA,NA,NA,NA,NA,0,0,"C511","JTMR010BS",0,31513,25,1156,0,483,69,871,78,264,9,37,0,7,1203,0
26,26,"4/20/21 12:18",0,5,1,0,1,-119.7388057,35.11962447,NA,NA,"AC05PE11","C","P","E",1,"C05","C05PE1","C05PE1","C05","PE","4/20/21 12:18",12,18,12.3,"Spring",NA,NA,NA,NA,NA,NA,NA,0,0,"C501","JTMR010DP",0,54757,0,2035,0,381,0,12,0,236,7,0,0,14,967,0
27,27,"4/20/21 12:30",0,5,0,0,1,-119.7387258,35.11962593,NA,NA,"AC05SE11","C","S","E",1,"C05","C05SE1","C05SE1","C05","SE","4/20/21 12:30",12,30,12.5,"Spring",NA,NA,NA,NA,NA,NA,NA,0,0,"C501","JTMR010CM",0,59495,0,4139,0,181,0,374,9,289,0,10,0,3,1940,0
29,29,"4/20/21 15:06",0,8,1,0,1,-119.7303208,35.11330633,NA,NA,"AC08PE11","C","P","E",1,"C08","C08PE1","C08PE1","C08","PE","4/20/21 15:06",15,6,15.1,"Spring",NA,NA,NA,NA,NA,NA,NA,0,0,"C801","JTMR011CJ",0,65646,0,3185,0,104,0,0,0,0,18,0,16,5,1220,0
30,30,"4/20/21 15:12",0,8,0,0,1,-119.7303044,35.11333615,NA,NA,"AC08SE11","C","S","E",1,"C08","C08SE1","C08SE1","C08","SE","4/20/21 15:12",15,12,15.2,"Spring",NA,NA,NA,NA,NA,NA,NA,0,0,"C801","JTMR010BL",0,48126,3,2330,0,658,0,198,6,155,37,37,0,0,2626,0
31,31,"4/20/21 16:02",0,7,0,1,1,-119.7328044,35.10881524,NA,NA,"AC07SN11","C","S","N",1,"C07","C07SN1","C07SN1","C07","SN","4/20/21 16:02",16,2,16.03333333,"Spring",NA,NA,NA,NA,NA,NA,NA,0,0,"C711","JTMR011DL",0,60083,0,3676,0,224,0,838,0,0,233,0,9,141,2610,0
32,32,"4/20/21 16:26",0,7,1,0,1,-119.7322054,35.10828516,NA,NA,"AC07PE11","C","P","E",1,"C07","C07PE1","C07PE1","C07","PE","4/20/21 16:26",16,26,16.43333333,"Spring",NA,NA,NA,NA,NA,NA,NA,0,0,"C701","JTMR011EW",0,49571,5,870,0,241,0,194,0,0,85,0,224,0,95,0
34,34,"4/20/21 9:33",0,1,0,0,1,-119.7461097,35.13267475,NA,NA,"AC01SE11","C","S","E",1,"C01","C01SE1","C01SE1","C01","SE","4/20/21 9:33",9,33,9.55,"Spring",NA,NA,NA,NA,NA,NA,NA,0,0,"C101","JTMR011DX",0,39239,0,21984,0,18,0,46,0,0,0,0,0,3,542,0
37,37,"4/20/21 13:35",0,6,0,1,1,-119.7484989,35.11545547,NA,NA,"AC06SN11","C","S","N",1,"C06","C06SN1","C06SN1","C06","SN","4/20/21 13:35",13,35,13.58333333,"Spring",NA,NA,NA,NA,NA,NA,NA,0,0,"C611","JTMR011CA",0,52127,10,1564,0,415,0,132,0,0,52,0,12,7,531,0
38,38,"4/20/21 13:40",0,6,1,1,1,-119.7481216,35.08300489,NA,NA,"AC06PN11","C","P","N",1,"C06","C06PN1","C06PN1","C06","PN","4/20/21 13:40",13,40,13.66666667,"Spring",NA,NA,NA,NA,NA,NA,NA,0,0,"C611","JTMR010AN",0,60027,0,8595,0,2740,0,0,0,635,21,3,0,16,6317,0
39,39,"4/20/21 13:55",0,6,0,0,1,-119.7480654,35.11496663,NA,NA,"AC06SE11","C","S","E",1,"C06","C06SE1","C06SE1","C06","SE","4/20/21 13:55",13,55,13.91666667,"Spring",NA,NA,NA,NA,NA,NA,NA,0,0,"C601","JTMR011I",0,70824,10,1267,0,224,0,34,0,0,137,0,8,16,856,0
40,40,"4/20/21 14:46",0,8,1,1,1,-119.7311212,35.11667308,NA,NA,"AC08PN11","C","P","N",1,"C08","C08PN1","C08PN1","C08","PN","4/20/21 14:46",14,46,14.76666667,"Spring",NA,NA,NA,NA,NA,NA,NA,0,0,"C811","JTMR010E",0,78997,7,3380,0,2391,0,3,0,1499,622,42,0,7,1269,0
41,41,"4/21/21 8:25",1,6,1,1,1,-119.6600529,35.08097156,NA,NA,"AS06PN11","S","P","N",1,"S06","S06PN1","S06PN1","S06","PN","4/21/21 8:25",8,25,8.416666667,"Spring",NA,NA,NA,NA,NA,NA,NA,0,0,"S611","JTMR010AK",0,54635,0,4681,0,3154,12,88,6,353,65,12,0,182,1747,0
42,42,"4/21/21 8:36",1,6,0,1,1,-119.6600839,35.08096151,NA,NA,"AS06SN11","S","S","N",1,"S06","S06SN1","S06SN1","S06","SN","4/21/21 8:36",8,36,8.6,"Spring",NA,NA,NA,NA,NA,NA,NA,0,0,"S611","JTMR010AH",0,48937,0,18957,0,277,0,229,9,385,0,6,7,6,671,0
44,44,"4/21/21 8:57",1,6,1,0,1,-119.6595725,35.0814153,NA,NA,"AS06PE11","S","P","E",1,"S06","S06PE1","S06PE1","S06","PE","4/21/21 8:57",8,57,8.95,"Spring",NA,NA,NA,33.31,33.86,34.48,34.23,4,1,"S601","JTMR010BX",0,41077,0,1789,0,560,0,0,0,385,87,0,0,0,469,0
45,45,"4/21/21 9:06",1,6,0,0,1,-119.659586,35.08134149,NA,NA,"AS06SE11","S","S","E",1,"S06","S06SE1","S06SE1","S06","SE","4/21/21 9:06",9,6,9.1,"Spring",NA,NA,NA,NA,NA,NA,NA,0,0,"S601","JTMR010DE",0,71170,0,815,0,76,0,311,12,841,0,0,57,0,748,0
46,46,"4/21/21 10:04",0,2,1,1,1,-119.7284223,35.1303838,NA,NA,"AC02SN11","C","P","N",1,"C02","C02PN1","C02SN1","C02","PN","4/21/21 10:04",10,4,10.06666667,"Spring",NA,NA,NA,NA,NA,NA,NA,0,0,"C211","JTMR010AO",0,44169,12,2108,0,668,0,503,8,777,99,19,17,8,890,0
47,47,"4/21/21 10:21",0,2,0,1,1,-119.72299,35.13051497,NA,NA,"AC02PN11","C","S","N",1,"C02","C02SN1","C02PN1","C02","SN","4/21/21 10:21",10,21,10.35,"Spring",NA,NA,NA,NA,NA,NA,NA,0,0,"C211","JTMR010EN",0,80042,21,6282,0,1778,0,0,0,351,42,16,0,43,3781,0
48,48,"4/21/21 10:41",0,2,0,0,1,-119.7226716,35.13090319,NA,NA,"AC02SE11","C","S","E",1,"C02","C02SE1","C02SE1","C02","SE","4/21/21 10:41",10,41,10.68333333,"Spring",NA,NA,NA,NA,NA,NA,NA,0,0,"C201","JTMR011BN",0,49406,3,1284,0,45,0,714,0,0,0,0,0,9,1156,0
50,50,"4/21/21 11:54",0,4,1,0,1,-119.7249263,35.12218561,NA,NA,"AC04PE11","C","P","E",1,"C04","C04PE1","C04PE1","C04","PE","4/21/21 11:54",11,54,11.9,"Spring",NA,NA,NA,NA,NA,NA,NA,0,0,"C401","JTMR011EZ",0,59611,0,1802,0,49,0,104,0,0,62,0,0,83,151,0
51,51,"4/21/21 12:14",0,4,0,0,1,-119.724714,35.1218074,NA,NA,"AC04SE11","C","S","E",1,"C04","C04SE1","C04SE1","C04","SE","4/21/21 12:14",12,14,12.23333333,"Spring",NA,NA,NA,NA,NA,NA,NA,0,0,"C401","JTMR011BX",0,38131,0,871,0,24,0,692,0,0,4,0,0,0,98,0
53,53,"4/21/21 13:45",0,10,1,0,1,-119.701476,35.11423216,NA,NA,"AC10PE11","C","P","E",1,"C10","C10PE1","C10PE1","C10","PE","4/21/21 13:45",13,45,13.75,"Spring",NA,NA,NA,NA,NA,NA,NA,0,0,"C1001","JTMR010EE",0,52073,0,3874,0,155,0,18,13,95,34,0,0,0,604,0
54,54,"4/21/21 13:54",0,10,0,0,1,-119.7014153,35.11426241,NA,NA,"AC10SE11","C","S","E",1,"C10","C10SE1","C10SE1","C10","SE","4/21/21 13:54",13,54,13.9,"Spring",NA,NA,NA,NA,NA,NA,NA,0,0,"C1001","JTMR010EI",0,38100,0,5854,0,203,0,19,12,123,5,10,0,7,674,0
58,58,"4/21/21 16:54",1,1,1,0,1,-119.6693035,35.08245118,NA,NA,"AS01PE11","S","P","E",1,"S01","S01PE1","S01PE1","S01","PE","4/21/21 16:54",16,54,16.9,"Spring",NA,NA,NA,NA,NA,NA,NA,0,0,"S101","JTMR011CM",0,60056,0,2969,0,529,0,0,0,0,142,0,0,17,3200,0
59,59,"4/21/21 17:06",1,1,0,0,1,-119.6692839,35.08246879,NA,NA,"AS01SE11","S","S","E",1,"S01","S01SE1","S01SE1","S01","SE","4/21/21 17:06",17,6,17.1,"Spring",NA,NA,NA,NA,NA,NA,NA,0,0,"S101","JTMR010CA",0,45509,0,4062,0,169,0,273,6,50,55,0,0,3,3952,0
60,60,"4/22/21 8:26",1,5,1,1,1,-119.6803809,35.08381932,NA,NA,"AS05PN11","S","P","N",1,"S05","S05PN1","S05PN1","S05","PN","4/22/21 8:26",8,26,8.433333333,"Spring",NA,NA,NA,34.85,34.89,34.2,33.88,4,1,"S511","JTMR011AZ",0,56594,0,497,0,199,0,2,0,0,180,0,0,0,234,0
61,61,"4/22/21 8:49",1,5,0,1,1,-119.6802974,35.08218187,NA,NA,"AS05SN11","S","S","N",1,"S05","S05SN1","S05SN1","S05","SN","4/22/21 8:49",8,49,8.816666667,"Spring",NA,NA,NA,NA,NA,NA,NA,0,0,"S511","JTMR011V",0,56684,0,1537,0,24,0,106,0,0,14,0,0,21,4081,0
62,62,"4/22/21 9:05",1,5,0,0,1,-119.6807346,35.08221517,NA,NA,"AS05SE11","S","S","E",1,"S05","S05SE1","S05SE1","S05","SE","4/22/21 9:05",9,5,9.083333333,"Spring",NA,NA,NA,NA,NA,NA,NA,0,0,"S501","JTMR011AL",0,55888,0,348,0,46,0,310,0,0,12,0,0,0,1933,0
64,64,"4/22/21 9:56",1,2,1,0,1,-119.6743708,35.08460265,NA,NA,"AS02PE11","S","P","E",1,"S02","S02PE1","S02PE1","S02","PE","4/22/21 9:56",9,56,9.933333333,"Spring",NA,NA,NA,34.66,35.11,35.56,34.8,4,1,"S201","JTMR010P",0,62179,0,3224,0,2333,0,0,0,430,494,11,2,19,988,0
65,65,"4/22/21 10:14",1,2,0,0,1,-119.6748002,35.08415087,NA,NA,"AS02SE11","S","S","E",1,"S02","S02SE1","S02SE1","S02","SE","4/22/21 10:14",10,14,10.23333333,"Spring",NA,NA,NA,NA,NA,NA,NA,0,0,"S201","JTMR010CW",0,51217,0,3274,0,230,0,1579,35,1813,0,15,112,641,1940,0
77,77,"4/20/21 13:47",0,6,1,0,1,-119.7475458,35.11453835,NA,NA,"AC06PE11","C","P","E",1,"C06","C06PE1","C06PE1","C06","PE","4/20/21 13:47",13,47,13.78333333,"Spring",NA,NA,NA,NA,NA,NA,NA,0,0,"C601","JTMR011DC",0,63108,3,1492,0,144,0,0,0,0,150,0,0,0,1021,0
78,78,"4/20/21 14:51",0,8,0,1,1,-119.729769,35.11306696,NA,NA,"AC08SN11","C","S","N",1,"C08","C08SN1","C08SN1","C08","SN","4/20/21 14:51",14,51,14.85,"Spring",NA,NA,NA,NA,NA,NA,NA,0,0,"C811","JTMR011AH",0,68472,0,1022,0,102,0,1156,0,0,137,0,32,0,381,0
79,79,"4/20/21 15:55",0,7,1,1,1,-119.7328116,35.10880071,NA,NA,"AC07PN11","C","P","N",1,"C07","C07PN1","C07PN1","C07","PN","4/20/21 15:55",15,55,15.91666667,"Spring",NA,NA,NA,37.1,36.87,37.82,NA,3,1,"C711","JTMR010EZ",0,54332,7,5282,0,544,0,6,0,182,34,0,0,4,1116,0
81,81,"4/20/21 16:36",0,7,0,0,1,-119.7322485,35.10831569,NA,NA,"AC07SE11","C","S","E",1,"C07","C07SE1","C07SE1","C07","SE","4/20/21 16:36",16,36,16.6,"Spring",NA,NA,NA,NA,NA,NA,NA,0,0,"C701","JTMR010BK",0,50367,0,5927,0,341,0,142,7,234,22,22,60,15,1468,0
83,83,"4/21/21 10:26",0,2,1,0,1,-119.7226224,35.13081797,NA,NA,"AC02PE11","C","P","E",1,"C02","C02PE1","C02PE1","C02","PE","4/21/21 10:26",10,26,10.43333333,"Spring",NA,NA,NA,NA,NA,NA,NA,0,0,"C201","JTMR011DK",0,71965,6,1650,0,802,0,0,0,0,2260,0,0,160,406,0
84,84,"4/21/21 11:22",0,4,1,1,1,-119.7242392,35.12222962,NA,NA,"AC04PN11","C","P","N",1,"C04","C04PN1","C04PN1","C04","PN","4/21/21 11:22",11,22,11.36666667,"Spring",NA,NA,NA,NA,NA,NA,NA,0,0,"C411","JTMR010AZ",3,52134,0,6845,0,937,0,7,9,52,0,4,0,3,1197,0
85,85,"4/21/21 11:30",0,4,0,1,1,-119.7242543,35.12227227,NA,NA,"AC04SN11","C","S","N",1,"C04","C04SN1","C04SN1","C04","SN","4/21/21 11:30",11,30,11.5,"Spring",NA,NA,NA,NA,NA,NA,NA,0,0,"C411","JTMR010AB",0,57549,0,4443,0,314,0,81,0,96,3,16,6,11,649,0
86,86,"4/21/21 13:09",0,10,1,1,1,-119.701232,35.11467272,NA,NA,"AC10PN11","C","P","N",1,"C10","C10PN1","C10PN1","C10","PN","4/21/21 13:09",13,9,13.15,"Spring",NA,NA,NA,NA,NA,NA,NA,0,0,"C1011","JTMR010Y",0,52106,8,9726,0,1682,0,5,8,396,65,0,0,23,1727,0
87,87,"4/21/21 13:18",0,10,0,1,1,-119.7012055,35.1145965,NA,NA,"AC10SN11","C","S","N",1,"C10","C10SN1","C10SN1","C10","SN","4/21/21 13:18",13,18,13.3,"Spring",NA,NA,NA,NA,NA,NA,NA,0,0,"C1011","JTMR011BQ",0,54281,0,1124,0,25,0,404,0,0,8,0,0,15,446,0
91,91,"4/21/21 16:39",1,1,1,1,1,-119.6694763,35.08286182,NA,NA,"AS01PN11","S","P","N",1,"S01","S01PN1","S01PN1","S01","PN","4/21/21 16:39",16,39,16.65,"Spring",NA,NA,NA,NA,NA,NA,NA,0,0,"S111","JTMR010EQ",0,49324,0,5773,0,419,0,0,0,0,0,0,0,92,2996,0
92,92,"4/21/21 16:49",1,1,0,1,1,-119.6695707,35.08290121,NA,NA,"AS01SN11","S","S","N",1,"S01","S01SN1","S01SN1","S01","SN","4/21/21 16:49",16,49,16.81666667,"Spring",NA,NA,NA,NA,NA,NA,NA,0,0,"S111","JTMR011CG",0,56217,0,1535,0,526,0,137,0,0,0,0,0,619,3606,0
94,94,"4/22/21 8:53",1,5,1,0,1,-119.6807534,35.08219474,NA,NA,"AS05PE11","S","P","E",1,"S05","S05PE1","S05PE1","S05","PE","4/22/21 8:53",8,53,8.883333333,"Spring",NA,NA,NA,NA,NA,NA,NA,0,0,"S501","JTMR011S",0,58651,0,917,0,23,0,5,0,0,5964,0,0,0,776,0
95,95,"4/22/21 9:49",1,2,1,1,1,-119.6752519,35.08399229,NA,NA,"AS02SN11","S","P","N",1,"S02","S02PN1","S02SN1","S02","PN","4/22/21 9:49",9,49,9.816666667,"Spring",NA,NA,NA,NA,NA,NA,NA,0,0,"S211","JTMR010BA",0,39817,0,1384,0,318,0,8,0,172,70,0,0,3,783,0
96,96,"4/22/21 9:55",1,2,0,1,1,-119.6753931,35.08397755,NA,NA,"AS02PN11","S","S","N",1,"S02","S02SN1","S02PN1","S02","SN","4/22/21 9:55",9,55,9.916666667,"Spring",NA,NA,NA,NA,34.19,36.24,36.65,3,1,"S211","JTMR010DS",0,38578,0,1627,0,504,0,348,0,407,17,0,0,3,3358,0
101,101,"4/19/21 16:55",1,7,0,0,1,-119.6549475,35.08328973,NA,NA,"AS07SN12","S","S","E",1,"S07","S07SE1","S07SN1","S07","SE","4/19/21 16:55",16,55,16.91666667,"Spring",NA,NA,NA,NA,NA,NA,NA,0,0,"S701","JTMR010CN",0,55534,0,8147,0,791,0,1054,21,350,0,5,0,159,4213,0
102,102,"4/19/21 17:05",1,7,1,0,1,-119.655221,35.06577047,NA,NA,"AS07PE12","S","P","E",1,"S07","S07PE1","S07PE1","S07","PE","4/19/21 17:05",17,5,17.08333333,"Spring",NA,NA,NA,NA,NA,NA,NA,0,0,"S701","JTMR011EV",0,59100,0,1097,0,888,0,8,0,0,0,0,6,0,1537,0
103,103,"4/19/21 11:10",1,8,1,0,1,-119.6802852,35.05927597,NA,NA,"AS08PE12","S","P","E",1,"S08","S08PE1","S08PE1","S08","PE","4/19/21 11:10",11,10,11.16666667,"Spring",NA,NA,NA,NA,NA,NA,NA,0,0,"S801","JTMR011C",0,63255,0,896,0,324,0,84,0,0,81,0,9,86,575,0
104,104,"4/19/21 11:39",1,8,0,0,1,-119.6800302,35.0587963,NA,NA,"AS08SE12","S","S","E",1,"S08","S08SE1","S08SE1","S08","SE","4/19/21 11:39",11,39,11.65,"Spring",NA,NA,NA,NA,NA,NA,NA,0,0,"S801","JTMR011CF",0,60183,0,2324,0,255,0,867,0,0,16,0,0,0,438,0
106,106,"4/19/21 14:38",1,10,0,0,1,-119.480762,34.98586131,NA,NA,"AS10SE12","S","S","E",1,"S10","S10SE1","S10SE1","S10","SE","4/19/21 14:38",14,38,14.63333333,"Spring",NA,NA,NA,NA,NA,NA,NA,0,0,"S1001","JTMR010EA",0,35782,0,2313,0,214,0,57,0,68,0,0,0,10,797,0
109,109,"4/19/21 14:08",1,10,1,1,1,-119.6921527,35.06498,NA,NA,"AS10PN12","S","P","N",1,"S10","S10PN1","S10PN1","S10","PN","4/19/21 14:08",14,8,14.13333333,"Spring",NA,NA,NA,NA,NA,NA,NA,0,0,"S1011","JTMR011BW",0,46939,0,2569,0,195,0,0,0,0,256,0,0,0,1431,0
110,110,"4/19/21 14:26",1,10,0,1,1,-119.6921896,35.06494627,NA,NA,"AS10SN12","S","S","N",1,"S10","S10SN1","S10SN1","S10","SN","4/19/21 14:26",14,26,14.43333333,"Spring",NA,NA,NA,NA,NA,NA,NA,0,0,"S1011","JTMR010EL",0,43098,0,2426,0,913,0,483,0,25,0,17,0,40,1762,0
111,111,"4/19/21 12:34",1,9,1,1,1,-119.6857639,35.06167467,NA,NA,"AS09PN12","S","P","N",1,"S09","S09PN1","S09PN1","S09","PN","4/19/21 12:34",12,34,12.56666667,"Spring",NA,NA,NA,34.57,36.27,NA,NA,2,0,"S911","JTMR010CB",0,41406,0,2808,0,1333,0,58,25,2019,47,4,7,3,6788,2
112,112,"4/19/21 12:49",1,9,0,1,1,-119.6858767,35.06172396,NA,NA,"AS09SN12","S","S","N",1,"S09","S09SN1","S09SN1","S09","SN","4/19/21 12:49",12,49,12.81666667,"Spring",NA,NA,NA,NA,NA,NA,NA,0,0,"S911","JTMR010FD",0,31101,10,2287,0,707,0,103,7,557,83,122,82,138,2158,0
113,113,"4/19/21 12:59",1,9,1,0,1,-119.6859942,35.06130704,NA,NA,"AS09PE12","S","P","E",1,"S09","S09PE1","S09PE1","S09","PE","4/19/21 12:59",12,59,12.98333333,"Spring",NA,NA,NA,32.27,33.37,33.12,33.41,4,1,"S901","JTMR010EC",0,54249,0,4861,0,823,0,125,26,1556,215,46,260,55,878,0
114,114,"4/19/21 13:07",1,9,0,0,1,-119.6860301,35.06126718,NA,NA,"AS09SE12","S","S","E",1,"S09","S09SE1","S09SE1","S09","SE","4/19/21 13:07",13,7,13.11666667,"Spring",NA,NA,NA,NA,NA,NA,NA,0,0,"S901","JTMR010DC",0,56961,0,2669,0,468,0,1449,31,1704,104,41,0,3,1710,0
116,116,"4/19/21 10:20",1,8,1,1,1,-119.6803251,35.05925036,NA,NA,"AS08PN12","S","P","N",1,"S08","S08PN1","S08PN1","S08","PN","4/19/21 10:20",10,20,10.33333333,"Spring",NA,NA,NA,36.56,36.02,36.99,36.33,4,1,"S811","JTMR010FA",0,62721,0,4045,0,1239,4,7,0,196,43,0,0,23,918,0
117,117,"4/19/21 10:42",1,8,0,1,1,-119.6803061,35.0592554,NA,NA,"AS08SN12","S","S","N",1,"S08","S08SN1","S08SN1","S08","SN","4/19/21 10:42",10,42,10.7,"Spring",NA,NA,NA,NA,NA,NA,NA,0,0,"S811","JTMR010BT",0,40584,0,1602,0,360,0,454,0,284,78,0,15,72,1636,0
118,118,"4/19/21 14:38",1,10,1,0,1,-119.6926353,35.0647591,NA,NA,"AS10PE12","S","P","E",1,"S10","S10PE1","S10PE1","S10","PE","4/19/21 14:38",14,38,14.63333333,"Spring",NA,NA,NA,NA,39.46,NA,NA,1,0,"S1001","JTMR011N",0,31333,0,2603,0,333,0,23,0,0,0,0,55,0,101,0
119,119,"4/19/21 15:52",1,7,1,1,1,-119.6555894,35.08361336,NA,NA,"AS07PN12","S","P","N",1,"S07","S07PN1","S07PN1","S07","PN","4/19/21 15:52",15,52,15.86666667,"Spring",NA,NA,NA,NA,NA,NA,NA,0,0,"S711","JTMR011U",0,52525,0,7342,0,470,0,4,0,0,113,0,6,123,2792,0
120,120,"4/19/21 16:10",1,7,0,1,1,-119.6556631,35.08355597,NA,NA,"AS07SE12","S","S","N",1,"S07","S07SN1","S07SE1","S07","SN","4/19/21 16:10",16,10,16.16666667,"Spring",NA,NA,NA,NA,NA,NA,NA,0,0,"S711","JTMR010F",0,60857,0,4788,0,795,0,892,36,513,8,67,0,40,3149,0
121,121,"4/20/21 8:54",0,1,1,1,1,-119.7464592,35.13335429,NA,NA,"AC01PN12","C","P","N",1,"C01","C01PN1","C01PN1","C01","PN","4/20/21 8:54",8,54,8.9,"Spring",NA,NA,NA,NA,NA,NA,NA,0,0,"C111","JTMR011CW",0,67675,12,748,0,438,0,0,0,0,21,0,0,0,586,0
122,122,"4/20/21 9:19",0,1,0,1,1,-119.7465261,35.13336847,NA,NA,"AC01SN12","C","S","N",1,"C01","C01SN1","C01SN1","C01","SN","4/20/21 9:19",9,19,9.316666667,"Spring",NA,NA,NA,NA,NA,NA,NA,0,0,"C111","JTMR010FF",0,45874,9,1798,0,456,0,861,26,360,62,18,3,0,927,0
123,123,"4/20/21 9:36",0,1,1,0,1,-119.7465626,35.13333827,NA,NA,"AC01PE12","C","P","E",1,"C01","C01PE1","C01PE1","C01","PE","4/20/21 9:36",9,36,9.6,"Spring",NA,NA,NA,NA,NA,NA,NA,0,0,"C101","JTMR011BF",0,56946,0,1841,0,0,0,9,0,0,86,0,0,0,198,0
124,124,"4/20/21 11:58",0,5,1,1,1,-119.7390416,35.12009123,NA,NA,"AC05PN12","C","P","N",1,"C05","C05PN1","C05PN1","C05","PN","4/20/21 11:58",11,58,11.96666667,"Spring",NA,NA,NA,NA,NA,NA,39.31,1,0,"C511","JTMR010BG",0,67338,0,3706,0,1442,0,42,5,239,350,27,0,70,3704,0
125,125,"4/20/21 12:07",0,5,0,1,1,-119.7390459,35.12011426,NA,NA,"AC05SN12","C","S","N",1,"C05","C05SN1","C05SN1","C05","SN","4/20/21 12:07",12,7,12.11666667,"Spring",NA,NA,NA,NA,NA,NA,NA,0,0,"C511","JTMR010AC",0,39913,5,872,0,334,0,804,12,402,73,9,0,0,1879,0
126,126,"4/20/21 12:18",0,5,1,0,1,-119.7388057,35.11962447,NA,NA,"AC05PE12","C","P","E",1,"C05","C05PE1","C05PE1","C05","PE","4/20/21 12:18",12,18,12.3,"Spring",NA,NA,NA,NA,NA,NA,NA,0,0,"C501","JTMR011CX",0,66894,8,6251,0,734,0,38,0,0,62,0,13,9,624,0
127,127,"4/20/21 12:30",0,5,0,0,1,-119.7387258,35.11962593,NA,NA,"AC05SE12","C","S","E",1,"C05","C05SE1","C05SE1","C05","SE","4/20/21 12:30",12,30,12.5,"Spring",NA,NA,NA,NA,NA,NA,NA,0,0,"C501","JTMR010DX",0,59101,0,3493,0,138,0,109,4,83,6,33,41,0,668,0
129,129,"4/20/21 15:06",0,8,1,0,1,-119.7303208,35.11330633,NA,NA,"AC08PE12","C","P","E",1,"C08","C08PE1","C08PE1","C08","PE","4/20/21 15:06",15,6,15.1,"Spring",NA,NA,NA,NA,NA,NA,NA,0,0,"C801","JTMR010BD",0,47431,3,3527,0,1175,0,0,0,391,38,0,30,4,574,0
130,130,"4/20/21 15:12",0,8,0,0,1,-119.7303044,35.11333615,NA,NA,"AC08SE12","C","S","E",1,"C08","C08SE1","C08SE1","C08","SE","4/20/21 15:12",15,12,15.2,"Spring",NA,NA,NA,NA,NA,NA,NA,0,0,"C801","JTMR011P",0,58635,0,1414,0,22,0,172,0,0,13,0,0,10,392,0
131,131,"4/20/21 16:02",0,7,0,1,1,-119.7328044,35.10881524,NA,NA,"AC07SN12","C","S","N",1,"C07","C07SN1","C07SN1","C07","SN","4/20/21 16:02",16,2,16.03333333,"Spring",NA,NA,NA,NA,NA,NA,NA,0,0,"C711","JTMR011EL",0,47978,14,904,0,108,0,309,0,0,0,0,0,7,251,0
132,132,"4/20/21 16:26",0,7,1,0,1,-119.7322054,35.10828516,NA,NA,"AC07PE12","C","P","E",1,"C07","C07PE1","C07PE1","C07","PE","4/20/21 16:26",16,26,16.43333333,"Spring",NA,NA,NA,NA,NA,NA,NA,0,0,"C701","JTMR010BW",12,34972,26,4422,0,755,0,29,0,914,50,74,337,5,1242,0
134,134,"4/20/21 9:33",0,1,0,0,1,-119.7461097,35.13267475,NA,NA,"AC01SE12","C","S","E",1,"C01","C01SE1","C01SE1","C01","SE","4/20/21 9:33",9,33,9.55,"Spring",NA,NA,NA,NA,NA,NA,NA,0,0,"C101","JTMR010CG",0,52836,0,1217,343,651,0,95,25,489,62,19,35,235,1508,0
137,137,"4/20/21 13:35",0,6,0,1,1,-119.7484989,35.11545547,NA,NA,"AC06SN12","C","S","N",1,"C06","C06SN1","C06SN1","C06","SN","4/20/21 13:35",13,35,13.58333333,"Spring",NA,NA,NA,NA,NA,NA,NA,0,0,"C611","JTMR011EQ",0,54368,5,1056,0,223,0,78,0,0,31,0,0,0,591,0
138,138,"4/20/21 13:40",0,6,1,1,1,-119.7481216,35.08300489,NA,NA,"AC06PN12","C","P","N",1,"C06","C06PN1","C06PN1","C06","PN","4/20/21 13:40",13,40,13.66666667,"Spring",NA,NA,NA,NA,NA,NA,NA,0,0,"C611","JTMR011BY",0,56476,6,2096,0,1137,0,0,0,0,8,0,0,51,3646,0
139,139,"4/20/21 13:55",0,6,0,0,1,-119.7480654,35.11496663,NA,NA,"AC06SE12","C","S","E",1,"C06","C06SE1","C06SE1","C06","SE","4/20/21 13:55",13,55,13.91666667,"Spring",NA,NA,NA,NA,NA,NA,NA,0,0,"C601","JTMR011ET",0,69332,10,744,0,54,0,13,0,0,43,0,0,0,432,0
140,140,"4/20/21 14:46",0,8,1,1,1,-119.7311212,35.11667308,NA,NA,"AC08PN12","C","P","N",1,"C08","C08PN1","C08PN1","C08","PN","4/20/21 14:46",14,46,14.76666667,"Spring",NA,NA,NA,NA,NA,NA,NA,0,0,"C811","JTMR011BS",0,54462,0,969,0,177,0,58,0,0,91,0,0,0,278,0
141,141,"4/21/21 8:25",1,6,1,1,1,-119.6600529,35.08097156,NA,NA,"AS06PN12","S","P","N",1,"S06","S06PN1","S06PN1","S06","PN","4/21/21 8:25",8,25,8.416666667,"Spring",NA,NA,NA,34.92,37.33,35.7,36.35,4,1,"S611","JTMR011EE",0,61241,0,390,0,0,0,0,0,0,314,0,0,195,519,0
142,142,"4/21/21 8:36",1,6,0,1,1,-119.6600839,35.08096151,NA,NA,"AS06SN12","S","S","N",1,"S06","S06SN1","S06SN1","S06","SN","4/21/21 8:36",8,36,8.6,"Spring",NA,NA,NA,NA,NA,NA,NA,0,0,"S611","JTMR010BU",0,34553,0,2431,0,325,0,1974,24,422,0,47,0,188,1895,0
144,144,"4/21/21 8:57",1,6,1,0,1,-119.6595725,35.0814153,NA,NA,"AS06PE12","S","P","E",1,"S06","S06PE1","S06PE1","S06","PE","4/21/21 8:57",8,57,8.95,"Spring",NA,NA,NA,33.21,34.85,34.23,35.7,4,1,"S601","JTMR011CY",0,81542,0,1477,0,218,0,0,0,0,195,0,25,0,445,0
145,145,"4/21/21 9:06",1,6,0,0,1,-119.659586,35.08134149,NA,NA,"AS06SE12","S","S","E",1,"S06","S06SE1","S06SE1","S06","SE","4/21/21 9:06",9,6,9.1,"Spring",NA,NA,NA,NA,NA,NA,NA,0,0,"S601","JTMR011BL",0,59785,0,1440,0,4,0,240,0,0,0,0,0,0,2458,0
146,146,"4/21/21 10:04",0,2,1,1,1,-119.7284223,35.1303838,NA,NA,"AC02SN12","C","P","N",1,"C02","C02PN1","C02SN1","C02","PN","4/21/21 10:04",10,4,10.06666667,"Spring",NA,NA,NA,NA,NA,NA,NA,0,0,"C211","JTMR011ER",0,54562,20,1364,0,843,0,1028,0,0,29,0,0,25,891,0
147,147,"4/21/21 10:21",0,2,0,1,1,-119.72299,35.13051497,NA,NA,"AC02PN12","C","S","N",1,"C02","C02SN1","C02PN1","C02","SN","4/21/21 10:21",10,21,10.35,"Spring",NA,NA,NA,NA,NA,NA,NA,0,0,"C211","JTMR010BC",0,64397,7,1482,0,2804,0,0,0,612,429,0,6,4,432,4
148,148,"4/21/21 10:41",0,2,0,0,1,-119.7226716,35.13090319,NA,NA,"AC02SE12","C","S","E",1,"C02","C02SE1","C02SE1","C02","SE","4/21/21 10:41",10,41,10.68333333,"Spring",NA,NA,NA,NA,NA,NA,NA,0,0,"C201","JTMR011DS",0,53479,11,680,0,228,0,237,0,0,24,0,5,0,1171,0
150,150,"4/21/21 11:54",0,4,1,0,1,-119.7249263,35.12218561,NA,NA,"AC04PE12","C","P","E",1,"C04","C04PE1","C04PE1","C04","PE","4/21/21 11:54",11,54,11.9,"Spring",NA,NA,NA,NA,NA,NA,NA,0,0,"C401","JTMR011AY",0,51577,0,3790,0,140,0,43,0,0,537,0,26,13,271,0
151,151,"4/21/21 12:14",0,4,0,0,1,-119.724714,35.1218074,NA,NA,"AC04SE12","C","S","E",1,"C04","C04SE1","C04SE1","C04","SE","4/21/21 12:14",12,14,12.23333333,"Spring",NA,NA,NA,NA,NA,NA,NA,0,0,"C401","JTMR010Q",0,49593,0,866,0,159,0,137,6,96,112,0,17,16,300,0
153,153,"4/21/21 13:45",0,10,1,0,1,-119.701476,35.11423216,NA,NA,"AC10PE12","C","P","E",1,"C10","C10PE1","C10PE1","C10","PE","4/21/21 13:45",13,45,13.75,"Spring",NA,NA,NA,NA,NA,NA,NA,0,0,"C1001","JTMR011BJ",0,43918,4,1202,0,6,0,68,0,0,414,0,11,7,211,0
154,154,"4/21/21 13:54",0,10,0,0,1,-119.7014153,35.11426241,NA,NA,"AC10SE12","C","S","E",1,"C10","C10SE1","C10SE1","C10","SE","4/21/21 13:54",13,54,13.9,"Spring",NA,NA,NA,NA,NA,NA,NA,0,0,"C1001","JTMR011Y",0,58316,0,428,0,10,0,8,0,0,593,0,0,14,296,0
158,158,"4/21/21 16:54",1,1,1,0,1,-119.6693035,35.08245118,NA,NA,"AS01PE12","S","P","E",1,"S01","S01PE1","S01PE1","S01","PE","4/21/21 16:54",16,54,16.9,"Spring",NA,NA,NA,NA,NA,NA,NA,0,0,"S101","JTMR010W",0,46250,0,5192,0,2920,0,26,0,942,232,29,0,8,1443,0
159,159,"4/21/21 17:06",1,1,0,0,1,-119.6692839,35.08246879,NA,NA,"AS01SE12","S","S","E",1,"S01","S01SE1","S01SE1","S01","SE","4/21/21 17:06",17,6,17.1,"Spring",NA,NA,NA,NA,NA,NA,NA,0,0,"S101","JTMR010L",0,55129,0,1333,0,87,0,368,7,119,15,0,0,2,739,0
160,160,"4/22/21 8:26",1,5,1,1,1,-119.6803809,35.08381932,NA,NA,"AS05PN12","S","P","N",1,"S05","S05PN1","S05PN1","S05","PN","4/22/21 8:26",8,26,8.433333333,"Spring",NA,NA,NA,35.46,35,33.86,33.51,4,1,"S511","JTMR011CK",0,73321,0,1435,0,59,0,0,0,0,192,0,0,0,2929,0
161,161,"4/22/21 8:49",1,5,0,1,1,-119.6802974,35.08218187,NA,NA,"AS05SN12","S","S","N",1,"S05","S05SN1","S05SN1","S05","SN","4/22/21 8:49",8,49,8.816666667,"Spring",NA,NA,NA,NA,NA,NA,NA,0,0,"S511","JTMR011EK",0,54492,0,6081,0,23,0,530,0,0,10,0,0,0,1757,0
162,162,"4/22/21 9:05",1,5,0,0,1,-119.6807346,35.08221517,NA,NA,"AS05SE12","S","S","E",1,"S05","S05SE1","S05SE1","S05","SE","4/22/21 9:05",9,5,9.083333333,"Spring",NA,NA,NA,NA,NA,NA,NA,0,0,"S501","JTMR010G",0,59627,0,7343,0,255,0,479,17,58,0,11,0,154,1712,0
164,164,"4/22/21 9:56",1,2,1,0,1,-119.6743708,35.08460265,NA,NA,"AS02PE12","S","P","E",1,"S02","S02PE1","S02PE1","S02","PE","4/22/21 9:56",9,56,9.933333333,"Spring",NA,NA,NA,NA,NA,NA,35.12,1,0,"S201","JTMR010CV",0,98532,0,3355,0,1730,0,0,0,379,633,12,0,61,501,0
165,165,"4/22/21 10:14",1,2,0,0,1,-119.6748002,35.08415087,NA,NA,"AS02SE12","S","S","E",1,"S02","S02SE1","S02SE1","S02","SE","4/22/21 10:14",10,14,10.23333333,"Spring",NA,NA,NA,NA,NA,NA,NA,0,0,"S201","JTMR010BV",0,38419,0,4122,0,364,0,389,16,475,0,0,15,144,1285,0
177,177,"4/20/21 13:47",0,6,1,0,1,-119.7475458,35.11453835,NA,NA,"AC06PE12","C","P","E",1,"C06","C06PE1","C06PE1","C06","PE","4/20/21 13:47",13,47,13.78333333,"Spring",NA,NA,NA,NA,NA,NA,NA,0,0,"C601","JTMR011O",0,62457,0,524,0,34,0,0,0,0,20,0,0,0,174,0
178,178,"4/20/21 14:51",0,8,0,1,1,-119.729769,35.11306696,NA,NA,"AC08SN12","C","S","N",1,"C08","C08SN1","C08SN1","C08","SN","4/20/21 14:51",14,51,14.85,"Spring",NA,NA,NA,NA,NA,NA,NA,0,0,"C811","JTMR011DH",0,54611,0,1323,0,38,0,868,0,0,9,0,0,0,487,0
179,179,"4/20/21 15:55",0,7,1,1,1,-119.7328116,35.10880071,NA,NA,"AC07PN12","C","P","N",1,"C07","C07PN1","C07PN1","C07","PN","4/20/21 15:55",15,55,15.91666667,"Spring",NA,NA,NA,35.08,38.23,34.99,36.78,4,1,"C711","JTMR011M",0,56577,0,3149,0,203,0,6,0,0,6,0,0,38,1858,0
181,181,"4/20/21 16:36",0,7,0,0,1,-119.7322485,35.10831569,NA,NA,"AC07SE12","C","S","E",1,"C07","C07SE1","C07SE1","C07","SE","4/20/21 16:36",16,36,16.6,"Spring",NA,NA,NA,NA,NA,NA,NA,0,0,"C701","JTMR010C",0,86555,0,6400,0,868,0,1437,36,904,0,15,11,127,1285,0
183,183,"4/21/21 10:26",0,2,1,0,1,-119.7226224,35.13081797,NA,NA,"AC02PE12","C","P","E",1,"C02","C02PE1","C02PE1","C02","PE","4/21/21 10:26",10,26,10.43333333,"Spring",NA,NA,NA,NA,NA,NA,NA,0,0,"C201","JTMR011CU",0,73508,12,5795,0,2573,0,25,0,0,29,0,89,8,1488,0
184,184,"4/21/21 11:22",0,4,1,1,1,-119.7242392,35.12222962,NA,NA,"AC04PN12","C","P","N",1,"C04","C04PN1","C04PN1","C04","PN","4/21/21 11:22",11,22,11.36666667,"Spring",NA,NA,NA,NA,NA,36.76,NA,1,0,"C411","JTMR010EU",0,47220,0,317,0,1140,0,37,0,246,1625,0,0,5,808,0
185,185,"4/21/21 11:30",0,4,0,1,1,-119.7242543,35.12227227,NA,NA,"AC04SN12","C","S","N",1,"C04","C04SN1","C04SN1","C04","SN","4/21/21 11:30",11,30,11.5,"Spring",NA,NA,NA,NA,NA,NA,NA,0,0,"C411","JTMR010ET",0,56550,2,3826,0,276,0,140,14,200,0,11,18,19,1016,0
186,186,"4/21/21 13:09",0,10,1,1,1,-119.701232,35.11467272,NA,NA,"AC10PN12","C","P","N",1,"C10","C10PN1","C10PN1","C10","PN","4/21/21 13:09",13,9,13.15,"Spring",NA,NA,NA,NA,37.54,NA,NA,1,0,"C1011","JTMR010D",0,64330,3,17204,0,2395,0,100,13,383,31,13,10,24,2369,0
187,187,"4/21/21 13:18",0,10,0,1,1,-119.7012055,35.1145965,NA,NA,"AC10SN12","C","S","N",1,"C10","C10SN1","C10SN1","C10","SN","4/21/21 13:18",13,18,13.3,"Spring",NA,NA,NA,NA,NA,NA,NA,0,0,"C1011","JTMR010DU",0,54936,0,1575,0,1396,0,0,0,1287,108,0,3,7,1032,0
191,191,"4/21/21 16:39",1,1,1,1,1,-119.6694763,35.08286182,NA,NA,"AS01PN12","S","P","N",1,"S01","S01PN1","S01PN1","S01","PN","4/21/21 16:39",16,39,16.65,"Spring",NA,NA,NA,NA,NA,NA,NA,0,0,"S111","JTMR011AR",0,50061,0,1691,0,131,0,16,0,0,0,0,0,22,974,0
192,192,"4/21/21 16:49",1,1,0,1,1,-119.6695707,35.08290121,NA,NA,"AS01SN12","S","S","N",1,"S01","S01SN1","S01SN1","S01","SN","4/21/21 16:49",16,49,16.81666667,"Spring",NA,NA,NA,NA,NA,NA,NA,0,0,"S111","JTMR010BB",0,35844,0,1844,0,547,0,307,30,333,175,0,0,0,1696,0
194,194,"4/22/21 8:53",1,5,1,0,1,-119.6807534,35.08219474,NA,NA,"AS05PE12","S","P","E",1,"S05","S05PE1","S05PE1","S05","PE","4/22/21 8:53",8,53,8.883333333,"Spring",NA,NA,NA,NA,NA,NA,NA,0,0,"S501","JTMR011BD",0,61120,0,637,0,233,0,0,0,0,2021,0,0,88,1822,0
195,195,"4/22/21 9:49",1,2,1,1,1,-119.6752519,35.08399229,NA,NA,"AS02SN12","S","P","N",1,"S02","S02PN1","S02SN1","S02","PN","4/22/21 9:49",9,49,9.816666667,"Spring",NA,NA,NA,NA,NA,NA,NA,0,0,"S211","JTMR010I",0,99844,0,4470,0,1821,0,72,0,1143,81,10,3,27,772,0
196,196,"4/22/21 9:55",1,2,0,1,1,-119.6753931,35.08397755,NA,NA,"AS02PN12","S","S","N",1,"S02","S02SN1","S02PN1","S02","SN","4/22/21 9:55",9,55,9.916666667,"Spring",NA,NA,NA,NA,NA,NA,NA,0,0,"S211","JTMR011ED",0,39705,0,7411,0,53,0,301,0,0,71,0,2,2,543,0
201,201,"4/19/21 16:55",1,7,0,0,1,-119.6549475,35.08328973,NA,NA,"AS07SN13","S","S","E",1,"S07","S07SE1","S07SN1","S07","SE","4/19/21 16:55",16,55,16.91666667,"Spring",NA,NA,NA,NA,NA,NA,NA,0,0,"S701","JTMR010CI",0,50396,0,3730,0,379,0,1176,0,428,3,3,15,144,6669,0
202,202,"4/19/21 17:05",1,7,1,0,1,-119.655221,35.06577047,NA,NA,"AS07PE13","S","P","E",1,"S07","S07PE1","S07PE1","S07","PE","4/19/21 17:05",17,5,17.08333333,"Spring",NA,NA,NA,NA,NA,NA,NA,0,0,"S701","JTMR011FE",0,76310,0,1492,0,1160,0,0,0,0,45,0,0,0,5378,0
203,203,"4/19/21 11:10",1,8,1,0,1,-119.6802852,35.05927597,NA,NA,"AS08PE13","S","P","E",1,"S08","S08PE1","S08PE1","S08","PE","4/19/21 11:10",11,10,11.16666667,"Spring",NA,NA,NA,NA,NA,NA,NA,0,0,"S801","JTMR011DR",0,33400,0,525,0,228,0,148,0,0,20,0,55,0,200,0
204,204,"4/19/21 11:39",1,8,0,0,1,-119.6800302,35.0587963,NA,NA,"AS08SE13","S","S","E",1,"S08","S08SE1","S08SE1","S08","SE","4/19/21 11:39",11,39,11.65,"Spring",NA,NA,NA,NA,NA,NA,NA,0,0,"S801","JTMR011CV",0,68560,4,1380,0,366,0,653,0,0,46,0,32,7,519,0
206,206,"4/19/21 14:38",1,10,0,0,1,-119.480762,34.98586131,NA,NA,"AS10SE13","S","S","E",1,"S10","S10SE1","S10SE1","S10","SE","4/19/21 14:38",14,38,14.63333333,"Spring",NA,NA,NA,NA,NA,NA,NA,0,0,"S1001","JTMR011BR",0,48155,0,688,0,0,0,46,0,0,0,0,0,59,1169,0
209,209,"4/19/21 14:08",1,10,1,1,1,-119.6921527,35.06498,NA,NA,"AS10PN13","S","P","N",1,"S10","S10PN1","S10PN1","S10","PN","4/19/21 14:08",14,8,14.13333333,"Spring",NA,NA,NA,NA,NA,NA,NA,0,0,"S1011","JTMR010DR",0,51468,18,8836,0,2096,0,720,14,2313,172,0,138,43,3253,0
210,210,"4/19/21 14:26",1,10,0,1,1,-119.6921896,35.06494627,NA,NA,"AS10SN13","S","S","N",1,"S10","S10SN1","S10SN1","S10","SN","4/19/21 14:26",14,26,14.43333333,"Spring",NA,NA,NA,NA,NA,NA,NA,0,0,"S1011","JTMR011AG",0,1508,0,115,0,0,0,7,0,0,0,0,0,0,216,0
211,211,"4/19/21 12:34",1,9,1,1,1,-119.6857639,35.06167467,NA,NA,"AS09PN13","S","P","N",1,"S09","S09PN1","S09PN1","S09","PN","4/19/21 12:34",12,34,12.56666667,"Spring",NA,NA,NA,37.65,34.92,NA,NA,2,0,"S911","JTMR011CR",0,61954,68,2252,0,505,0,3,0,0,84,0,25,0,1276,0
212,212,"4/19/21 12:49",1,9,0,1,1,-119.6858767,35.06172396,NA,NA,"AS09SN13","S","S","N",1,"S09","S09SN1","S09SN1","S09","SN","4/19/21 12:49",12,49,12.81666667,"Spring",NA,NA,NA,NA,NA,NA,NA,0,0,"S911","JTMR010CH",0,64050,0,3377,0,496,0,1843,0,101,5,0,0,3,1816,0
213,213,"4/19/21 12:59",1,9,1,0,1,-119.6859942,35.06130704,NA,NA,"AS09PE13","S","P","E",1,"S09","S09PE1","S09PE1","S09","PE","4/19/21 12:59",12,59,12.98333333,"Spring",NA,NA,NA,NA,NA,NA,NA,0,0,"S901","JTMR010S",0,62731,0,1793,0,405,0,0,5,238,59,7,30,22,1023,0
214,214,"4/19/21 13:07",1,9,0,0,1,-119.6860301,35.06126718,NA,NA,"AS09SE13","S","S","E",1,"S09","S09SE1","S09SE1","S09","SE","4/19/21 13:07",13,7,13.11666667,"Spring",NA,NA,NA,NA,NA,NA,NA,0,0,"S901","JTMR011CD",0,23009,0,643,0,26,0,95,0,0,0,0,0,0,928,0
216,216,"4/19/21 10:20",1,8,1,1,1,-119.6803251,35.05925036,NA,NA,"AS08PN13","S","P","N",1,"S08","S08PN1","S08PN1","S08","PN","4/19/21 10:20",10,20,10.33333333,"Spring",NA,NA,NA,35.7,NA,NA,NA,1,0,"S811","JTMR011B",0,61229,0,3037,0,34,9,34,0,0,610,0,0,0,1698,0
217,217,"4/19/21 10:42",1,8,0,1,1,-119.6803061,35.0592554,NA,NA,"AS08SN13","S","S","N",1,"S08","S08SN1","S08SN1","S08","SN","4/19/21 10:42",10,42,10.7,"Spring",NA,NA,NA,NA,NA,NA,NA,0,0,"S811","JTMR011A",0,50671,0,2249,0,126,0,961,0,0,0,0,6,6,1433,0
218,218,"4/19/21 14:38",1,10,1,0,1,-119.6926353,35.0647591,NA,NA,"AS10PE13","S","P","E",1,"S10","S10PE1","S10PE1","S10","PE","4/19/21 14:38",14,38,14.63333333,"Spring",NA,NA,NA,34.94,34.35,35.26,35.41,4,1,"S1001","JTMR010DW",0,44079,0,580,0,201,0,0,3,516,339,0,223,7,387,0
219,219,"4/19/21 15:52",1,7,1,1,1,-119.6555894,35.08361336,NA,NA,"AS07PN13","S","P","N",1,"S07","S07PN1","S07PN1","S07","PN","4/19/21 15:52",15,52,15.86666667,"Spring",NA,NA,NA,NA,NA,NA,NA,0,0,"S711","JTMR010EX",0,39379,0,6655,0,657,0,7,0,182,0,0,49,119,2313,0
220,220,"4/19/21 16:10",1,7,0,1,1,-119.6556631,35.08355597,NA,NA,"AS07SE13","S","S","N",1,"S07","S07SN1","S07SE1","S07","SN","4/19/21 16:10",16,10,16.16666667,"Spring",NA,NA,NA,NA,NA,NA,NA,0,0,"S711","JTMR011AI",0,52790,0,1575,0,90,0,1593,0,0,70,0,0,23,3050,0
221,221,"4/20/21 8:54",0,1,1,1,1,-119.7464592,35.13335429,NA,NA,"AC01PN13","C","P","N",1,"C01","C01PN1","C01PN1","C01","PN","4/20/21 8:54",8,54,8.9,"Spring",NA,NA,NA,NA,NA,NA,NA,0,0,"C111","JTMR010DA",0,57066,0,3269,0,2830,0,7,8,536,74,2,50,45,2535,0
222,222,"4/20/21 9:19",0,1,0,1,1,-119.7465261,35.13336847,NA,NA,"AC01SN13","C","S","N",1,"C01","C01SN1","C01SN1","C01","SN","4/20/21 9:19",9,19,9.316666667,"Spring",NA,NA,NA,NA,NA,NA,NA,0,0,"C111","JTMR010V",0,27889,0,1079,0,798,0,3400,32,143,18,12,18,5,4879,0
223,223,"4/20/21 9:36",0,1,1,0,1,-119.7465626,35.13333827,NA,NA,"AC01PE13","C","P","E",1,"C01","C01PE1","C01PE1","C01","PE","4/20/21 9:36",9,36,9.6,"Spring",NA,NA,NA,NA,NA,NA,NA,0,0,"C101","JTMR010BY",0,54643,0,2919,14,1123,0,0,0,86,244,0,0,7,1016,0
224,224,"4/20/21 11:58",0,5,1,1,1,-119.7390416,35.12009123,NA,NA,"AC05PN13","C","P","N",1,"C05","C05PN1","C05PN1","C05","PN","4/20/21 11:58",11,58,11.96666667,"Spring",NA,NA,NA,35.32,35.77,35.96,35.03,4,1,"C511","JTMR011FA",0,73301,0,652,0,297,0,34,0,0,17,0,0,0,242,0
226,226,"4/20/21 12:18",0,5,1,0,1,-119.7388057,35.11962447,NA,NA,"AC05PE13","C","P","E",1,"C05","C05PE1","C05PE1","C05","PE","4/20/21 12:18",12,18,12.3,"Spring",NA,NA,NA,NA,NA,NA,NA,0,0,"C501","JTMR011E",0,63411,0,5271,0,124,0,159,0,0,77,0,22,512,287,0
227,227,"4/20/21 12:30",0,5,0,0,1,-119.7387258,35.11962593,NA,NA,"AC05SE13","C","S","E",1,"C05","C05SE1","C05SE1","C05","SE","4/20/21 12:30",12,30,12.5,"Spring",NA,NA,NA,NA,NA,NA,NA,0,0,"C501","JTMR011CZ",0,78900,0,1914,0,623,0,501,0,0,460,0,12,12,467,0
229,229,"4/20/21 15:06",0,8,1,0,1,-119.7303208,35.11330633,NA,NA,"AC08PE13","C","P","E",1,"C08","C08PE1","C08PE1","C08","PE","4/20/21 15:06",15,6,15.1,"Spring",NA,NA,NA,NA,NA,NA,NA,0,0,"C801","JTMR010BJ",0,63417,0,4707,0,840,0,11,10,206,167,0,68,0,1077,0
230,230,"4/20/21 15:12",0,8,0,0,1,-119.7303044,35.11333615,NA,NA,"AC08SE13","C","S","E",1,"C08","C08SE1","C08SE1","C08","SE","4/20/21 15:12",15,12,15.2,"Spring",NA,NA,NA,NA,NA,NA,NA,0,0,"C801","JTMR010FE",0,54288,5,3186,0,452,0,227,37,472,0,21,0,21,1978,0
231,231,"4/20/21 16:02",0,7,0,1,1,-119.7328044,35.10881524,NA,NA,"AC07SN13","C","S","N",1,"C07","C07SN1","C07SN1","C07","SN","4/20/21 16:02",16,2,16.03333333,"Spring",NA,NA,NA,NA,NA,NA,NA,0,0,"C711","JTMR011AM",0,54677,0,1663,0,22,0,39,0,0,0,0,0,19,159,0
232,232,"4/20/21 16:26",0,7,1,0,1,-119.7322054,35.10828516,NA,NA,"AC07PE13","C","P","E",1,"C07","C07PE1","C07PE1","C07","PE","4/20/21 16:26",16,26,16.43333333,"Spring",NA,NA,NA,NA,36.95,36.1,NA,2,0,"C701","JTMR010DH",0,42588,0,18086,0,12,0,63,0,302,198,0,18,4,582,0
234,234,"4/20/21 9:33",0,1,0,0,1,-119.7461097,35.13267475,NA,NA,"AC01SE13","C","S","E",1,"C01","C01SE1","C01SE1","C01","SE","4/20/21 9:33",9,33,9.55,"Spring",NA,NA,NA,39.66,NA,NA,NA,1,0,"C101","JTMR010EF",0,54950,4,1350,0,293,0,269,0,109,3,6,0,116,1785,0
237,237,"4/20/21 13:35",0,6,0,1,1,-119.7484989,35.11545547,NA,NA,"AC06SN13","C","S","N",1,"C06","C06SN1","C06SN1","C06","SN","4/20/21 13:35",13,35,13.58333333,"Spring",NA,NA,NA,NA,NA,NA,NA,0,0,"C611","JTMR010CS",0,107676,76,19934,0,2269,0,295,27,1963,39,49,50,45,2270,0
238,238,"4/20/21 13:40",0,6,1,1,1,-119.7481216,35.08300489,NA,NA,"AC06PN13","C","P","N",1,"C06","C06PN1","C06PN1","C06","PN","4/20/21 13:40",13,40,13.66666667,"Spring",NA,NA,NA,NA,NA,NA,NA,0,0,"C611","JTMR010EJ",0,48382,0,2137,0,3207,0,0,0,62,6,0,0,0,924,0
239,239,"4/20/21 13:55",0,6,0,0,1,-119.7480654,35.11496663,NA,NA,"AC06SE13","C","S","E",1,"C06","C06SE1","C06SE1","C06","SE","4/20/21 13:55",13,55,13.91666667,"Spring",NA,NA,NA,NA,NA,NA,NA,0,0,"C601","JTMR011BM",0,61833,3,723,0,796,0,0,0,0,312,0,51,0,1632,0
240,240,"4/20/21 14:46",0,8,1,1,1,-119.7311212,35.11667308,NA,NA,"AC08PN13","C","P","N",1,"C08","C08PN1","C08PN1","C08","PN","4/20/21 14:46",14,46,14.76666667,"Spring",NA,NA,NA,34.17,33.35,34.67,33.95,4,1,"C811","JTMR011J",0,67495,0,1231,0,165,0,0,0,0,49,0,0,17,166,0
241,241,"4/21/21 8:25",1,6,1,1,1,-119.6600529,35.08097156,NA,NA,"AS06PN13","S","P","N",1,"S06","S06PN1","S06PN1","S06","PN","4/21/21 8:25",8,25,8.416666667,"Spring",NA,NA,NA,NA,NA,NA,NA,0,0,"S611","JTMR010DG",0,47399,0,1299,0,1532,0,54,0,549,152,0,0,19,815,0
242,242,"4/21/21 8:36",1,6,0,1,1,-119.6600839,35.08096151,NA,NA,"AS06SN13","S","S","N",1,"S06","S06SN1","S06SN1","S06","SN","4/21/21 8:36",8,36,8.6,"Spring",NA,NA,NA,NA,NA,NA,NA,0,0,"S611","JTMR011BZ",0,48496,0,1767,0,9,0,866,0,0,0,0,14,42,1414,0
244,244,"4/21/21 8:57",1,6,1,0,1,-119.6595725,35.0814153,NA,NA,"AS06PE13","S","P","E",1,"S06","S06PE1","S06PE1","S06","PE","4/21/21 8:57",8,57,8.95,"Spring",NA,NA,NA,30.74,31.14,31.42,31.84,4,1,"S601","JTMR011BB",0,63708,0,489,0,158,0,0,0,0,407,0,0,0,91,0
245,245,"4/21/21 9:06",1,6,0,0,1,-119.659586,35.08134149,NA,NA,"AS06SE13","S","S","E",1,"S06","S06SE1","S06SE1","S06","SE","4/21/21 9:06",9,6,9.1,"Spring",NA,NA,NA,NA,NA,NA,NA,0,0,"S601","JTMR010DI",0,52972,0,4475,0,449,0,161,21,150,0,8,0,72,1401,0
246,246,"4/21/21 10:04",0,2,1,1,1,-119.7284223,35.1303838,NA,NA,"AC02SN13","C","P","N",1,"C02","C02PN1","C02SN1","C02","PN","4/21/21 10:04",10,4,10.06666667,"Spring",NA,NA,NA,36.66,35.73,NA,NA,2,0,"C211","JTMR011AN",0,60114,10,3075,0,74,0,150,0,0,80,0,0,16,875,0
247,247,"4/21/21 10:21",0,2,0,1,1,-119.72299,35.13051497,NA,NA,"AC02PN13","C","S","N",1,"C02","C02SN1","C02PN1","C02","SN","4/21/21 10:21",10,21,10.35,"Spring",NA,NA,NA,NA,NA,NA,NA,0,0,"C211","JTMR010AD",0,61513,0,536,0,464,0,0,0,611,500,0,9,0,249,0
248,248,"4/21/21 10:41",0,2,0,0,1,-119.7226716,35.13090319,NA,NA,"AC02SE13","C","S","E",1,"C02","C02SE1","C02SE1","C02","SE","4/21/21 10:41",10,41,10.68333333,"Spring",NA,NA,NA,NA,NA,NA,NA,0,0,"C201","JTMR010CD",0,26765,4,18904,0,237,0,221,4,116,13,0,0,29,516,0
250,250,"4/21/21 11:54",0,4,1,0,1,-119.7249263,35.12218561,NA,NA,"AC04PE13","C","P","E",1,"C04","C04PE1","C04PE1","C04","PE","4/21/21 11:54",11,54,11.9,"Spring",NA,NA,NA,31.27,31.49,31.23,31.57,4,1,"C401","JTMR011AA",0,63796,0,6032,0,94,0,0,0,0,665,0,7,9,1091,0
251,251,"4/21/21 12:14",0,4,0,0,1,-119.724714,35.1218074,NA,NA,"AC04SE13","C","S","E",1,"C04","C04SE1","C04SE1","C04","SE","4/21/21 12:14",12,14,12.23333333,"Spring",NA,NA,NA,NA,NA,NA,NA,0,0,"C401","JTMR011CS",0,77702,28,2526,0,207,0,451,0,0,3,0,43,34,1360,0
253,253,"4/21/21 13:45",0,10,1,0,1,-119.701476,35.11423216,NA,NA,"AC10PE13","C","P","E",1,"C10","C10PE1","C10PE1","C10","PE","4/21/21 13:45",13,45,13.75,"Spring",NA,NA,NA,NA,NA,NA,NA,0,0,"C1001","JTMR011EO",0,61166,0,4858,0,663,0,0,0,0,158,0,0,0,282,0
254,254,"4/21/21 13:54",0,10,0,0,1,-119.7014153,35.11426241,NA,NA,"AC10SE13","C","S","E",1,"C10","C10SE1","C10SE1","C10","SE","4/21/21 13:54",13,54,13.9,"Spring",NA,NA,NA,NA,NA,NA,NA,0,0,"C1001","JTMR010AX",0,51388,0,242,0,49,0,20,11,239,90,0,0,0,534,0
258,258,"4/21/21 16:54",1,1,1,0,1,-119.6693035,35.08245118,NA,NA,"AS01PE13","S","P","E",1,"S01","S01PE1","S01PE1","S01","PE","4/21/21 16:54",16,54,16.9,"Spring",NA,NA,NA,NA,NA,NA,NA,0,0,"S101","JTMR010DO",0,41408,6,1664,0,662,0,358,12,1031,68,9,16,319,2191,0
259,259,"4/21/21 17:06",1,1,0,0,1,-119.6692839,35.08246879,NA,NA,"AS01SE13","S","S","E",1,"S01","S01SE1","S01SE1","S01","SE","4/21/21 17:06",17,6,17.1,"Spring",NA,NA,NA,NA,NA,NA,NA,0,0,"S101","JTMR010BI",0,38583,0,1828,0,424,0,212,15,292,30,0,0,5,1346,0
260,260,"4/22/21 8:26",1,5,1,1,1,-119.6803809,35.08381932,NA,NA,"AS05PN13","S","P","N",1,"S05","S05PN1","S05PN1","S05","PN","4/22/21 8:26",8,26,8.433333333,"Spring",NA,NA,NA,39.59,36.25,35.11,34.83,4,1,"S511","JTMR011AV",0,60592,0,2820,0,71,0,0,0,0,154,0,4,0,170,0
261,261,"4/22/21 8:49",1,5,0,1,1,-119.6802974,35.08218187,NA,NA,"AS05SN13","S","S","N",1,"S05","S05SN1","S05SN1","S05","SN","4/22/21 8:49",8,49,8.816666667,"Spring",NA,NA,NA,NA,NA,NA,NA,0,0,"S511","JTMR011DW",0,68180,0,2167,0,30,0,836,0,0,32,0,32,0,2910,0
262,262,"4/22/21 9:05",1,5,0,0,1,-119.6807346,35.08221517,NA,NA,"AS05SE13","S","S","E",1,"S05","S05SE1","S05SE1","S05","SE","4/22/21 9:05",9,5,9.083333333,"Spring",NA,NA,NA,NA,NA,NA,NA,0,0,"S501","JTMR011DA",0,48132,0,799,0,0,0,979,0,0,56,0,20,36,1678,0
264,264,"4/22/21 9:56",1,2,1,0,1,-119.6743708,35.08460265,NA,NA,"AS02PE13","S","P","E",1,"S02","S02PE1","S02PE1","S02","PE","4/22/21 9:56",9,56,9.933333333,"Spring",NA,NA,NA,NA,NA,NA,NA,0,0,"S201","JTMR011DB",0,65212,0,444,0,94,0,3,0,0,358,0,6,4,186,0
265,265,"4/22/21 10:14",1,2,0,0,1,-119.6748002,35.08415087,NA,NA,"AS02SE13","S","S","E",1,"S02","S02SE1","S02SE1","S02","SE","4/22/21 10:14",10,14,10.23333333,"Spring",NA,NA,NA,NA,NA,NA,NA,0,0,"S201","JTMR011EI",0,26288,0,334,0,0,0,284,0,0,5,0,0,32,1349,0
277,277,"4/20/21 13:47",0,6,1,0,1,-119.7475458,35.11453835,NA,NA,"AC06PE13","C","P","E",1,"C06","C06PE1","C06PE1","C06","PE","4/20/21 13:47",13,47,13.78333333,"Spring",NA,NA,NA,NA,NA,NA,NA,0,0,"C601","JTMR011EM",0,55342,0,686,0,523,0,0,0,0,6,0,76,0,612,0
278,278,"4/20/21 14:51",0,8,0,1,1,-119.729769,35.11306696,NA,NA,"AC08SN13","C","S","N",1,"C08","C08SN1","C08SN1","C08","SN","4/20/21 14:51",14,51,14.85,"Spring",NA,NA,NA,NA,NA,NA,NA,0,0,"C811","JTMR011CE",0,61975,12,1856,0,92,0,747,0,0,1685,0,0,17,2087,0
279,279,"4/20/21 15:55",0,7,1,1,1,-119.7328116,35.10880071,NA,NA,"AC07PN13","C","P","N",1,"C07","C07PN1","C07PN1","C07","PN","4/20/21 15:55",15,55,15.91666667,"Spring",NA,NA,NA,NA,NA,NA,NA,0,0,"C711","JTMR010DQ",0,55283,5,4683,6,1018,0,65,10,589,107,32,20,15,1440,0
281,281,"4/20/21 16:36",0,7,0,0,1,-119.7322485,35.10831569,NA,NA,"AC07SE13","C","S","E",1,"C07","C07SE1","C07SE1","C07","SE","4/20/21 16:36",16,36,16.6,"Spring",NA,NA,NA,NA,NA,NA,NA,0,0,"C701","JTMR010ER",0,32384,0,1360,0,353,0,442,33,381,28,14,2,283,2383,0
283,283,"4/21/21 10:26",0,2,1,0,1,-119.7226224,35.13081797,NA,NA,"AC02PE13","C","P","E",1,"C02","C02PE1","C02PE1","C02","PE","4/21/21 10:26",10,26,10.43333333,"Spring",NA,NA,NA,NA,NA,NA,NA,0,0,"C201","JTMR011R",0,66492,4,2077,0,722,0,0,0,0,58,0,0,30,535,0
284,284,"4/21/21 11:22",0,4,1,1,1,-119.7242392,35.12222962,NA,NA,"AC04PN13","C","P","N",1,"C04","C04PN1","C04PN1","C04","PN","4/21/21 11:22",11,22,11.36666667,"Spring",NA,NA,NA,NA,NA,NA,NA,0,0,"C411","JTMR010T",0,51416,0,2757,0,852,0,107,8,172,41,8,0,8,526,0
285,285,"4/21/21 11:30",0,4,0,1,1,-119.7242543,35.12227227,NA,NA,"AC04SN13","C","S","N",1,"C04","C04SN1","C04SN1","C04","SN","4/21/21 11:30",11,30,11.5,"Spring",NA,NA,NA,NA,NA,NA,NA,0,0,"C411","JTMR011AU",0,52498,0,860,0,83,0,21,0,0,3,0,4,0,169,0
286,286,"4/21/21 13:09",0,10,1,1,1,-119.701232,35.11467272,NA,NA,"AC10PN13","C","P","N",1,"C10","C10PN1","C10PN1","C10","PN","4/21/21 13:09",13,9,13.15,"Spring",NA,NA,NA,NA,NA,NA,NA,0,0,"C1011","JTMR010AL",0,50680,62,3735,0,1133,0,90,0,748,599,19,0,4,1315,0
287,287,"4/21/21 13:18",0,10,0,1,1,-119.7012055,35.1145965,NA,NA,"AC10SN13","C","S","N",1,"C10","C10SN1","C10SN1","C10","SN","4/21/21 13:18",13,18,13.3,"Spring",NA,NA,NA,NA,NA,NA,NA,0,0,"C1011","JTMR011DO",0,64461,6,364,0,45,0,0,0,0,287,0,0,0,158,0
291,291,"4/21/21 16:39",1,1,1,1,1,-119.6694763,35.08286182,NA,NA,"AS01PN13","S","P","N",1,"S01","S01PN1","S01PN1","S01","PN","4/21/21 16:39",16,39,16.65,"Spring",NA,NA,NA,NA,NA,NA,NA,0,0,"S111","JTMR010K",0,49113,0,1878,0,415,0,0,0,364,38,0,0,29,550,0
292,292,"4/21/21 16:49",1,1,0,1,1,-119.6695707,35.08290121,NA,NA,"AS01SN13","S","S","N",1,"S01","S01SN1","S01SN1","S01","SN","4/21/21 16:49",16,49,16.81666667,"Spring",NA,NA,NA,NA,NA,NA,NA,0,0,"S111","JTMR011BT",0,38700,14,1079,0,173,0,33,0,0,191,0,43,30,438,0
294,294,"4/22/21 8:53",1,5,1,0,1,-119.6807534,35.08219474,NA,NA,"AS05PE13","S","P","E",1,"S05","S05PE1","S05PE1","S05","PE","4/22/21 8:53",8,53,8.883333333,"Spring",NA,NA,NA,32.91,32.8,33.82,33.31,4,1,"S501","JTMR011AX",0,51742,0,300,0,20,0,49,0,0,94,0,10,0,384,0
295,295,"4/22/21 9:49",1,2,1,1,1,-119.6752519,35.08399229,NA,NA,"AS02SN13","S","P","N",1,"S02","S02PN1","S02SN1","S02","PN","4/22/21 9:49",9,49,9.816666667,"Spring",NA,NA,NA,NA,NA,NA,NA,0,0,"S211","JTMR010AJ",0,54544,0,332,0,149,0,11,0,293,349,0,0,5,271,0
296,296,"4/22/21 9:55",1,2,0,1,1,-119.6753931,35.08397755,NA,NA,"AS02PN13","S","S","N",1,"S02","S02SN1","S02PN1","S02","SN","4/22/21 9:55",9,55,9.916666667,"Spring",NA,NA,NA,NA,NA,NA,NA,0,0,"S211","JTMR011EC",0,53068,0,1252,0,35,0,261,0,0,17,0,0,11,484,0
301,301,"4/19/21 16:55",1,7,0,0,1,-119.6549475,35.08328973,NA,NA,"AS07SN14","S","S","E",1,"S07","S07SE1","S07SN1","S07","SE","4/19/21 16:55",16,55,16.91666667,"Spring",NA,NA,NA,NA,NA,NA,NA,0,0,"S701","JTMR011DT",0,61117,0,2247,0,48,0,182,0,0,0,0,0,73,2087,0
302,302,"4/19/21 17:05",1,7,1,0,1,-119.655221,35.06577047,NA,NA,"AS07PE14","S","P","E",1,"S07","S07PE1","S07PE1","S07","PE","4/19/21 17:05",17,5,17.08333333,"Spring",NA,NA,NA,NA,NA,NA,NA,0,0,"S701","JTMR011BG",0,54943,0,940,0,863,0,45,0,0,344,0,0,8,498,0
303,303,"4/19/21 11:10",1,8,1,0,1,-119.6802852,35.05927597,NA,NA,"AS08PE14","S","P","E",1,"S08","S08PE1","S08PE1","S08","PE","4/19/21 11:10",11,10,11.16666667,"Spring",NA,NA,NA,36.26,NA,36.69,35.22,3,1,"S801","JTMR011BA",0,31553,0,418,0,29,0,49,0,0,116,0,0,0,130,0
304,304,"4/19/21 11:39",1,8,0,0,1,-119.6800302,35.0587963,NA,NA,"AS08SE14","S","S","E",1,"S08","S08SE1","S08SE1","S08","SE","4/19/21 11:39",11,39,11.65,"Spring",NA,NA,NA,NA,NA,NA,NA,0,0,"S801","JTMR011K",0,39875,0,800,0,30,0,652,0,0,126,0,8,0,680,0
306,306,"4/19/21 14:38",1,10,0,0,1,-119.480762,34.98586131,NA,NA,"AS10SE14","S","S","E",1,"S10","S10SE1","S10SE1","S10","SE","4/19/21 14:38",14,38,14.63333333,"Spring",NA,NA,NA,NA,NA,NA,NA,0,0,"S1001","JTMR010ED",0,31357,0,4078,0,114,0,114,22,61,0,0,0,0,1347,0
309,309,"4/19/21 14:08",1,10,1,1,1,-119.6921527,35.06498,NA,NA,"AS10PN14","S","P","N",1,"S10","S10PN1","S10PN1","S10","PN","4/19/21 14:08",14,8,14.13333333,"Spring",NA,NA,NA,NA,NA,NA,NA,0,0,"S1011","JTMR010CX",0,88910,0,8472,0,3858,0,0,58,415,362,7,53,217,4005,0
310,310,"4/19/21 14:26",1,10,0,1,1,-119.6921896,35.06494627,NA,NA,"AS10SN14","S","S","N",1,"S10","S10SN1","S10SN1","S10","SN","4/19/21 14:26",14,26,14.43333333,"Spring",NA,NA,NA,NA,NA,NA,NA,0,0,"S1011","JTMR010AA",0,19827,0,2327,0,385,0,799,0,147,0,12,2,0,627,0
311,311,"4/19/21 12:34",1,9,1,1,1,-119.6857639,35.06167467,NA,NA,"AS09PN14","S","P","N",1,"S09","S09PN1","S09PN1","S09","PN","4/19/21 12:34",12,34,12.56666667,"Spring",NA,NA,NA,32.39,32.8,32.87,32.46,4,1,"S911","JTMR011EY",0,86665,17,1729,0,300,0,40,0,0,602,0,13,0,1214,0
312,312,"4/19/21 12:49",1,9,0,1,1,-119.6858767,35.06172396,NA,NA,"AS09SN14","S","S","N",1,"S09","S09SN1","S09SN1","S09","SN","4/19/21 12:49",12,49,12.81666667,"Spring",NA,NA,NA,NA,NA,NA,NA,0,0,"S911","JTMR011CI",0,70748,0,2518,0,125,0,562,0,0,0,0,11,371,2876,0
313,313,"4/19/21 12:59",1,9,1,0,1,-119.6859942,35.06130704,NA,NA,"AS09PE14","S","P","E",1,"S09","S09PE1","S09PE1","S09","PE","4/19/21 12:59",12,59,12.98333333,"Spring",NA,NA,NA,NA,NA,37.11,NA,1,0,"S901","JTMR010CY",0,91649,10,14688,0,471,0,122,16,589,182,28,30,566,8867,0
314,314,"4/19/21 13:07",1,9,0,0,1,-119.6860301,35.06126718,NA,NA,"AS09SE14","S","S","E",1,"S09","S09SE1","S09SE1","S09","SE","4/19/21 13:07",13,7,13.11666667,"Spring",NA,NA,NA,NA,NA,NA,NA,0,0,"S901","JTMR010EV",0,48077,0,4766,0,191,0,550,0,344,48,314,9,22,1128,0
316,316,"4/19/21 10:20",1,8,1,1,1,-119.6803251,35.05925036,NA,NA,"AS08PN14","S","P","N",1,"S08","S08PN1","S08PN1","S08","PN","4/19/21 10:20",10,20,10.33333333,"Spring",NA,NA,NA,33.36,33.64,33.54,34.29,4,1,"S811","JTMR010AE",0,61543,0,1742,0,1079,4,38,0,296,64,12,5,186,696,0
317,317,"4/19/21 10:42",1,8,0,1,1,-119.6803061,35.0592554,NA,NA,"AS08SN14","S","S","N",1,"S08","S08SN1","S08SN1","S08","SN","4/19/21 10:42",10,42,10.7,"Spring",NA,NA,NA,NA,NA,NA,NA,0,0,"S811","JTMR011AF",0,41543,0,266,0,33,10,1021,0,0,33,0,55,175,427,0
318,318,"4/19/21 14:38",1,10,1,0,1,-119.6926353,35.0647591,NA,NA,"AS10PE14","S","P","E",1,"S10","S10PE1","S10PE1","S10","PE","4/19/21 14:38",14,38,14.63333333,"Spring",NA,NA,NA,28.38,29.07,29.42,29.41,4,1,"S1001","JTMR011EG",0,56873,0,767,0,22,0,46,0,0,57,0,0,0,105,0
319,319,"4/19/21 15:52",1,7,1,1,1,-119.6555894,35.08361336,NA,NA,"AS07PN14","S","P","N",1,"S07","S07PN1","S07PN1","S07","PN","4/19/21 15:52",15,52,15.86666667,"Spring",NA,NA,NA,NA,NA,NA,NA,0,0,"S711","JTMR010AV",0,66373,0,5106,0,771,0,0,0,1630,494,0,128,7,2263,0
320,320,"4/19/21 16:10",1,7,0,1,1,-119.6556631,35.08355597,NA,NA,"AS07SE14","S","S","N",1,"S07","S07SN1","S07SE1","S07","SN","4/19/21 16:10",16,10,16.16666667,"Spring",NA,NA,NA,NA,NA,NA,NA,0,0,"S711","JTMR010EG",0,47502,0,5277,0,295,0,359,17,857,52,9,24,295,1126,0
321,321,"4/20/21 8:54",0,1,1,1,1,-119.7464592,35.13335429,NA,NA,"AC01PN14","C","P","N",1,"C01","C01PN1","C01PN1","C01","PN","4/20/21 8:54",8,54,8.9,"Spring",NA,NA,NA,NA,NA,NA,NA,0,0,"C111","JTMR010CZ",0,94391,5,6656,0,1429,0,201,18,1457,336,19,35,43,2852,0
322,322,"4/20/21 9:19",0,1,0,1,1,-119.7465261,35.13336847,NA,NA,"AC01SN14","C","S","N",1,"C01","C01SN1","C01SN1","C01","SN","4/20/21 9:19",9,19,9.316666667,"Spring",NA,NA,NA,NA,NA,NA,NA,0,0,"C111","JTMR011CN",0,72935,0,3441,0,200,0,312,0,0,251,0,0,6,5555,0
323,323,"4/20/21 9:36",0,1,1,0,1,-119.7465626,35.13333827,NA,NA,"AC01PE14","C","P","E",1,"C01","C01PE1","C01PE1","C01","PE","4/20/21 9:36",9,36,9.6,"Spring",NA,NA,NA,NA,NA,NA,NA,0,0,"C101","JTMR011BC",0,61343,0,684,0,106,0,0,0,0,254,0,0,4,37,0
324,324,"4/20/21 11:58",0,5,1,1,1,-119.7390416,35.12009123,NA,NA,"AC05PN14","C","P","N",1,"C05","C05PN1","C05PN1","C05","PN","4/20/21 11:58",11,58,11.96666667,"Spring",NA,NA,NA,35.7,36.29,NA,NA,2,0,"C511","JTMR011CL",0,71516,0,2110,0,121,0,59,0,0,86,0,6,37,909,0
325,325,"4/20/21 12:07",0,5,0,1,1,-119.7390459,35.12011426,NA,NA,"AC05SN14","C","S","N",1,"C05","C05SN1","C05SN1","C05","SN","4/20/21 12:07",12,7,12.11666667,"Spring",NA,NA,NA,NA,NA,NA,NA,0,0,"C511","JTMR010BN",0,35357,4,2525,0,492,0,289,23,151,8,73,8,370,1676,0
326,326,"4/20/21 12:18",0,5,1,0,1,-119.7388057,35.11962447,NA,NA,"AC05PE14","C","P","E",1,"C05","C05PE1","C05PE1","C05","PE","4/20/21 12:18",12,18,12.3,"Spring",NA,NA,NA,NA,NA,NA,NA,0,0,"C501","JTMR011EN",0,64858,14,5346,0,171,0,39,0,0,6,0,8,15,879,0
327,327,"4/20/21 12:30",0,5,0,0,1,-119.7387258,35.11962593,NA,NA,"AC05SE14","C","S","E",1,"C05","C05SE1","C05SE1","C05","SE","4/20/21 12:30",12,30,12.5,"Spring",NA,NA,NA,NA,NA,NA,NA,0,0,"C501","JTMR011DY",0,57823,0,1497,0,241,0,307,0,0,0,0,0,7,385,0
329,329,"4/20/21 15:06",0,8,1,0,1,-119.7303208,35.11330633,NA,NA,"AC08PE14","C","P","E",1,"C08","C08PE1","C08PE1","C08","PE","4/20/21 15:06",15,6,15.1,"Spring",NA,NA,NA,NA,NA,NA,NA,0,0,"C801","JTMR010ES",0,50209,0,1308,0,537,0,26,3,252,19,6,5,0,526,0
330,330,"4/20/21 15:12",0,8,0,0,1,-119.7303044,35.11333615,NA,NA,"AC08SE14","C","S","E",1,"C08","C08SE1","C08SE1","C08","SE","4/20/21 15:12",15,12,15.2,"Spring",NA,NA,NA,NA,NA,NA,NA,0,0,"C801","JTMR011DU",0,73201,0,1075,0,31,0,602,0,0,28,0,5,0,699,0
331,331,"4/20/21 16:02",0,7,0,1,1,-119.7328044,35.10881524,NA,NA,"AC07SN14","C","S","N",1,"C07","C07SN1","C07SN1","C07","SN","4/20/21 16:02",16,2,16.03333333,"Spring",NA,NA,NA,NA,NA,NA,NA,0,0,"C711","JTMR010CQ",0,75621,7,6388,0,1134,0,1017,23,1096,0,70,3,310,2206,0
332,332,"4/20/21 16:26",0,7,1,0,1,-119.7322054,35.10828516,NA,NA,"AC07PE14","C","P","E",1,"C07","C07PE1","C07PE1","C07","PE","4/20/21 16:26",16,26,16.43333333,"Spring",NA,NA,NA,NA,NA,NA,NA,0,0,"C701","JTMR010FB",0,59360,3,1589,0,797,0,296,5,854,317,18,206,6,1308,0
334,334,"4/20/21 9:33",0,1,0,0,1,-119.7461097,35.13267475,NA,NA,"AC01SE14","C","S","E",1,"C01","C01SE1","C01SE1","C01","SE","4/20/21 9:33",9,33,9.55,"Spring",NA,NA,NA,NA,NA,NA,NA,0,0,"C101","JTMR010EK",0,36877,0,6540,0,499,0,100,0,141,7,96,5,15,3790,0
337,337,"4/20/21 13:35",0,6,0,1,1,-119.7484989,35.11545547,NA,NA,"AC06SN14","C","S","N",1,"C06","C06SN1","C06SN1","C06","SN","4/20/21 13:35",13,35,13.58333333,"Spring",NA,NA,NA,NA,NA,NA,NA,0,0,"C611","JTMR010DT",0,22204,30,560,0,802,0,753,10,822,68,24,0,9,491,0
338,338,"4/20/21 13:40",0,6,1,1,1,-119.7481216,35.08300489,NA,NA,"AC06PN14","C","P","N",1,"C06","C06PN1","C06PN1","C06","PN","4/20/21 13:40",13,40,13.66666667,"Spring",NA,NA,NA,NA,NA,NA,NA,0,0,"C611","JTMR010AT",0,76582,0,3502,0,4897,0,0,5,389,7,4,4,32,3846,0
339,339,"4/20/21 13:55",0,6,0,0,1,-119.7480654,35.11496663,NA,NA,"AC06SE14","C","S","E",1,"C06","C06SE1","C06SE1","C06","SE","4/20/21 13:55",13,55,13.91666667,"Spring",NA,NA,NA,NA,NA,NA,NA,0,0,"C601","JTMR011AB",0,54783,0,569,0,130,0,69,0,0,25,0,95,0,9795,0
340,340,"4/20/21 14:46",0,8,1,1,1,-119.7311212,35.11667308,NA,NA,"AC08PN14","C","P","N",1,"C08","C08PN1","C08PN1","C08","PN","4/20/21 14:46",14,46,14.76666667,"Spring",NA,NA,NA,35.28,35.2,36.95,NA,3,1,"C811","JTMR010BF",0,55494,2,1881,0,479,0,252,0,498,276,5,0,68,313,0
341,341,"4/21/21 8:25",1,6,1,1,1,-119.6600529,35.08097156,NA,NA,"AS06PN14","S","P","N",1,"S06","S06PN1","S06PN1","S06","PN","4/21/21 8:25",8,25,8.416666667,"Spring",NA,NA,NA,NA,NA,NA,NA,0,0,"S611","JTMR011CH",0,70391,0,2988,0,327,0,26,0,0,46,0,0,87,943,0
342,342,"4/21/21 8:36",1,6,0,1,1,-119.6600839,35.08096151,NA,NA,"AS06SN14","S","S","N",1,"S06","S06SN1","S06SN1","S06","SN","4/21/21 8:36",8,36,8.6,"Spring",NA,NA,NA,NA,NA,NA,NA,0,0,"S611","JTMR011AJ",0,47019,0,273,0,5,0,587,0,0,0,0,0,5,679,0
344,344,"4/21/21 8:57",1,6,1,0,1,-119.6595725,35.0814153,NA,NA,"AS06PE14","S","P","E",1,"S06","S06PE1","S06PE1","S06","PE","4/21/21 8:57",8,57,8.95,"Spring",NA,NA,NA,34.82,35.07,34.88,35.02,4,1,"S601","JTMR011DI",0,65047,0,1500,0,58,0,15,0,0,83,0,0,4,489,0
345,345,"4/21/21 9:06",1,6,0,0,1,-119.659586,35.08134149,NA,NA,"AS06SE14","S","S","E",1,"S06","S06SE1","S06SE1","S06","SE","4/21/21 9:06",9,6,9.1,"Spring",NA,NA,NA,NA,NA,NA,NA,0,0,"S601","JTMR011CT",0,74929,0,4773,0,68,0,0,0,0,7057,0,0,0,172,0
346,346,"4/21/21 10:04",0,2,1,1,1,-119.7284223,35.1303838,NA,NA,"AC02SN14","C","P","N",1,"C02","C02PN1","C02SN1","C02","PN","4/21/21 10:04",10,4,10.06666667,"Spring",NA,NA,NA,NA,39.46,NA,NA,1,0,"C211","JTMR011DM",0,64855,0,2927,0,110,0,388,0,0,8,0,14,9,1186,0
347,347,"4/21/21 10:21",0,2,0,1,1,-119.72299,35.13051497,NA,NA,"AC02PN14","C","S","N",1,"C02","C02SN1","C02PN1","C02","SN","4/21/21 10:21",10,21,10.35,"Spring",NA,NA,NA,NA,NA,NA,NA,0,0,"C211","JTMR011AS",0,73633,0,3065,0,272,0,27,0,0,38,0,0,12,435,0
348,348,"4/21/21 10:41",0,2,0,0,1,-119.7226716,35.13090319,NA,NA,"AC02SE14","C","S","E",1,"C02","C02SE1","C02SE1","C02","SE","4/21/21 10:41",10,41,10.68333333,"Spring",NA,NA,NA,NA,NA,NA,NA,0,0,"C201","JTMR010FC",0,53529,0,1800,0,543,0,264,4,93,48,38,0,6,1376,0
350,350,"4/21/21 11:54",0,4,1,0,1,-119.7249263,35.12218561,NA,NA,"AC04PE14","C","P","E",1,"C04","C04PE1","C04PE1","C04","PE","4/21/21 11:54",11,54,11.9,"Spring",NA,NA,NA,NA,NA,NA,NA,0,0,"C401","JTMR011EX",0,50430,4,2904,0,14,0,0,0,0,42,0,25,0,52,0
351,351,"4/21/21 12:14",0,4,0,0,1,-119.724714,35.1218074,NA,NA,"AC04SE14","C","S","E",1,"C04","C04SE1","C04SE1","C04","SE","4/21/21 12:14",12,14,12.23333333,"Spring",NA,NA,NA,NA,NA,NA,NA,0,0,"C401","JTMR010AG",0,52469,0,2133,0,307,0,112,7,154,21,0,6,0,1343,0
353,353,"4/21/21 13:45",0,10,1,0,1,-119.701476,35.11423216,NA,NA,"AC10PE14","C","P","E",1,"C10","C10PE1","C10PE1","C10","PE","4/21/21 13:45",13,45,13.75,"Spring",NA,NA,NA,NA,NA,NA,NA,0,0,"C1001","JTMR011EP",0,55706,0,952,0,114,0,10,0,0,11,0,0,2,313,0
354,354,"4/21/21 13:54",0,10,0,0,1,-119.7014153,35.11426241,NA,NA,"AC10SE14","C","S","E",1,"C10","C10SE1","C10SE1","C10","SE","4/21/21 13:54",13,54,13.9,"Spring",NA,NA,NA,NA,NA,NA,NA,0,0,"C1001","JTMR011BI",0,52159,0,709,0,136,0,54,0,0,55,0,8,0,583,0
358,358,"4/21/21 16:54",1,1,1,0,1,-119.6693035,35.08245118,NA,NA,"AS01PE14","S","P","E",1,"S01","S01PE1","S01PE1","S01","PE","4/21/21 16:54",16,54,16.9,"Spring",NA,NA,NA,NA,NA,NA,NA,0,0,"S101","JTMR010DB",0,43884,0,6215,0,1308,0,0,0,959,18,0,0,0,3639,0
359,359,"4/21/21 17:06",1,1,0,0,1,-119.6692839,35.08246879,NA,NA,"AS01SE14","S","S","E",1,"S01","S01SE1","S01SE1","S01","SE","4/21/21 17:06",17,6,17.1,"Spring",NA,NA,NA,NA,NA,NA,NA,0,0,"S101","JTMR010BM",0,51404,0,1753,0,370,0,909,9,300,99,10,0,26,2784,0
360,360,"4/22/21 8:26",1,5,1,1,1,-119.6803809,35.08381932,NA,NA,"AS05PN14","S","P","N",1,"S05","S05PN1","S05PN1","S05","PN","4/22/21 8:26",8,26,8.433333333,"Spring",NA,NA,NA,NA,NA,NA,36.03,1,0,"S511","JTMR010BO",0,52221,0,1810,0,446,0,118,0,720,4,0,0,19,1005,0
361,361,"4/22/21 8:49",1,5,0,1,1,-119.6802974,35.08218187,NA,NA,"AS05SN14","S","S","N",1,"S05","S05SN1","S05SN1","S05","SN","4/22/21 8:49",8,49,8.816666667,"Spring",NA,NA,NA,NA,NA,NA,NA,0,0,"S511","JTMR010AQ",0,42465,0,2150,0,528,0,627,7,216,14,25,10,0,1373,0
362,362,"4/22/21 9:05",1,5,0,0,1,-119.6807346,35.08221517,NA,NA,"AS05SE14","S","S","E",1,"S05","S05SE1","S05SE1","S05","SE","4/22/21 9:05",9,5,9.083333333,"Spring",NA,NA,NA,NA,NA,NA,NA,0,0,"S501","JTMR010EO",0,41053,0,1727,0,256,0,221,8,393,11,22,4,4,4371,0
364,364,"4/22/21 9:56",1,2,1,0,1,-119.6743708,35.08460265,NA,NA,"AS02PE14","S","P","E",1,"S02","S02PE1","S02PE1","S02","PE","4/22/21 9:56",9,56,9.933333333,"Spring",NA,NA,NA,NA,NA,NA,NA,0,0,"S201","JTMR011W",0,61527,0,839,0,61,0,10,0,0,122,0,0,0,506,0
365,365,"4/22/21 10:14",1,2,0,0,1,-119.6748002,35.08415087,NA,NA,"AS02SE14","S","S","E",1,"S02","S02SE1","S02SE1","S02","SE","4/22/21 10:14",10,14,10.23333333,"Spring",NA,NA,NA,NA,NA,NA,NA,0,0,"S201","JTMR011FG",0,41308,0,819,0,27,0,195,0,0,0,0,0,10,3134,0
377,377,"4/20/21 13:47",0,6,1,0,1,-119.7475458,35.11453835,NA,NA,"AC06PE14","C","P","E",1,"C06","C06PE1","C06PE1","C06","PE","4/20/21 13:47",13,47,13.78333333,"Spring",NA,NA,NA,NA,NA,NA,NA,0,0,"C601","JTMR011DF",0,69526,0,493,0,6,0,0,0,0,13,0,0,31,136,0
378,378,"4/20/21 14:51",0,8,0,1,1,-119.729769,35.11306696,NA,NA,"AC08SN14","C","S","N",1,"C08","C08SN1","C08SN1","C08","SN","4/20/21 14:51",14,51,14.85,"Spring",NA,NA,NA,NA,NA,NA,NA,0,0,"C811","JTMR011BU",0,37438,4,1319,0,122,0,337,0,0,0,0,0,103,387,0
379,379,"4/20/21 15:55",0,7,1,1,1,-119.7328116,35.10880071,NA,NA,"AC07PN14","C","P","N",1,"C07","C07PN1","C07PN1","C07","PN","4/20/21 15:55",15,55,15.91666667,"Spring",NA,NA,NA,NA,39.53,NA,NA,1,0,"C711","JTMR010DV",0,49484,0,2501,0,1305,0,26,0,2123,112,0,0,7,2139,0
381,381,"4/20/21 16:36",0,7,0,0,1,-119.7322485,35.10831569,NA,NA,"AC07SE14","C","S","E",1,"C07","C07SE1","C07SE1","C07","SE","4/20/21 16:36",16,36,16.6,"Spring",NA,NA,NA,NA,NA,NA,NA,0,0,"C701","JTMR010BE",0,65224,0,2014,0,498,0,83,19,376,240,0,5,0,1578,0
383,383,"4/21/21 10:26",0,2,1,0,1,-119.7226224,35.13081797,NA,NA,"AC02PE14","C","P","E",1,"C02","C02PE1","C02PE1","C02","PE","4/21/21 10:26",10,26,10.43333333,"Spring",NA,NA,NA,NA,NA,NA,NA,0,0,"C201","JTMR010CL",0,56381,5,3213,0,373,0,55,15,419,1336,13,90,0,552,0
384,384,"4/21/21 11:22",0,4,1,1,1,-119.7242392,35.12222962,NA,NA,"AC04PN14","C","P","N",1,"C04","C04PN1","C04PN1","C04","PN","4/21/21 11:22",11,22,11.36666667,"Spring",NA,NA,NA,NA,NA,NA,NA,0,0,"C411","JTMR011EA",0,74069,0,2679,0,177,0,18,0,0,47,0,0,0,595,0
385,385,"4/21/21 11:30",0,4,0,1,1,-119.7242543,35.12227227,NA,NA,"AC04SN14","C","S","N",1,"C04","C04SN1","C04SN1","C04","SN","4/21/21 11:30",11,30,11.5,"Spring",NA,NA,NA,NA,NA,NA,NA,0,0,"C411","JTMR011FF",0,47951,0,899,0,40,0,43,0,0,7,0,9,0,458,0
386,386,"4/21/21 13:09",0,10,1,1,1,-119.701232,35.11467272,NA,NA,"AC10PN14","C","P","N",1,"C10","C10PN1","C10PN1","C10","PN","4/21/21 13:09",13,9,13.15,"Spring",NA,NA,NA,36.34,38.99,37.41,39.96,4,1,"C1011","JTMR011BK",0,45478,0,3120,0,192,0,4,0,0,13,0,0,10,2894,0
387,387,"4/21/21 13:18",0,10,0,1,1,-119.7012055,35.1145965,NA,NA,"AC10SN14","C","S","N",1,"C10","C10SN1","C10SN1","C10","SN","4/21/21 13:18",13,18,13.3,"Spring",NA,NA,NA,NA,NA,NA,NA,0,0,"C1011","JTMR010CK",0,57040,6,9504,0,2938,0,33,11,609,233,25,30,4,1058,0
391,391,"4/21/21 16:39",1,1,1,1,1,-119.6694763,35.08286182,NA,NA,"AS01PN14","S","P","N",1,"S01","S01PN1","S01PN1","S01","PN","4/21/21 16:39",16,39,16.65,"Spring",NA,NA,NA,NA,NA,NA,NA,0,0,"S111","JTMR011DJ",0,50570,0,747,0,72,0,13,0,0,23,0,0,0,351,0
392,392,"4/21/21 16:49",1,1,0,1,1,-119.6695707,35.08290121,NA,NA,"AS01SN14","S","S","N",1,"S01","S01SN1","S01SN1","S01","SN","4/21/21 16:49",16,49,16.81666667,"Spring",NA,NA,NA,NA,NA,NA,NA,0,0,"S111","JTMR011AQ",0,41966,0,1703,0,98,0,663,0,0,0,0,0,9,482,0
394,394,"4/22/21 8:53",1,5,1,0,1,-119.6807534,35.08219474,NA,NA,"AS05PE14","S","P","E",1,"S05","S05PE1","S05PE1","S05","PE","4/22/21 8:53",8,53,8.883333333,"Spring",NA,NA,NA,NA,NA,NA,NA,0,0,"S501","JTMR010BR",0,43742,0,848,0,448,0,37,0,504,182,7,19,0,794,0
395,395,"4/22/21 9:49",1,2,1,1,1,-119.6752519,35.08399229,NA,NA,"AS02SN14","S","P","N",1,"S02","S02PN1","S02SN1","S02","PN","4/22/21 9:49",9,49,9.816666667,"Spring",NA,NA,NA,NA,NA,NA,NA,0,0,"S211","JTMR010DM",0,39053,0,1894,0,290,5,13,0,164,184,0,0,22,1088,0
396,396,"4/22/21 9:55",1,2,0,1,1,-119.6753931,35.08397755,NA,NA,"AS02PN14","S","S","N",1,"S02","S02SN1","S02PN1","S02","SN","4/22/21 9:55",9,55,9.916666667,"Spring",NA,NA,NA,NA,NA,NA,NA,0,0,"S211","JTMR010AP",0,47748,0,1553,0,239,38,668,7,441,21,0,4,41,1117,0
401,401,"4/19/21 16:55",1,7,0,0,1,-119.6549475,35.08328973,NA,NA,"AS07SN15","S","S","E",1,"S07","S07SE1","S07SN1","S07","SE","4/19/21 16:55",16,55,16.91666667,"Spring",NA,NA,NA,NA,NA,NA,NA,0,0,"S701","JTMR011FC",0,40607,0,2102,0,43,0,883,0,0,0,0,0,16,4118,0
402,402,"4/19/21 17:05",1,7,1,0,1,-119.655221,35.06577047,NA,NA,"AS07PE15","S","P","E",1,"S07","S07PE1","S07PE1","S07","PE","4/19/21 17:05",17,5,17.08333333,"Spring",NA,NA,NA,NA,NA,NA,NA,0,0,"S701","JTMR011CB",0,59494,0,1228,0,923,0,31,0,0,32,0,3,0,3380,0
403,403,"4/19/21 11:10",1,8,1,0,1,-119.6802852,35.05927597,NA,NA,"AS08PE15","S","P","E",1,"S08","S08PE1","S08PE1","S08","PE","4/19/21 11:10",11,10,11.16666667,"Spring",NA,NA,NA,NA,NA,NA,NA,0,0,"S801","JTMR010B",4,58446,10,8022,0,3951,0,361,12,2122,127,18,292,40,1972,0
404,404,"4/19/21 11:39",1,8,0,0,1,-119.6800302,35.0587963,NA,NA,"AS08SE15","S","S","E",1,"S08","S08SE1","S08SE1","S08","SE","4/19/21 11:39",11,39,11.65,"Spring",NA,NA,NA,NA,NA,NA,NA,0,0,"S801","JTMR011F",0,74719,0,1340,0,8,0,487,0,0,58,0,10,0,587,0
406,406,"4/19/21 14:38",1,10,0,0,1,-119.480762,34.98586131,NA,NA,"AS10SE15","S","S","E",1,"S10","S10SE1","S10SE1","S10","SE","4/19/21 14:38",14,38,14.63333333,"Spring",NA,NA,NA,NA,NA,NA,NA,0,0,"S1001","JTMR010DF",0,52214,0,3872,0,151,0,93,0,22,0,0,0,0,1323,0
409,409,"4/19/21 14:08",1,10,1,1,1,-119.6921527,35.06498,NA,NA,"AEX01","S","P","N",1,"S10","S10PN1","EX01","EX0","PN","4/19/21 14:08",14,8,14.13333333,"Spring",NA,NA,NA,39.58,38.38,NA,35.77,3,1,"S1011","JTMR011T",0,44875,0,1212,0,179,0,0,0,0,5,0,0,17,770,0
410,410,"4/19/21 14:26",1,10,0,1,1,-119.6921896,35.06494627,NA,NA,"AS10SN15","S","S","N",1,"S10","S10SN1","S10SN1","S10","SN","4/19/21 14:26",14,26,14.43333333,"Spring",NA,NA,NA,34.3,35.34,35.08,36.19,4,1,"S1011","JTMR010DL",5,61106,0,10404,0,670,0,288,12,556,112,0,0,22,945,0
411,411,"4/19/21 12:34",1,9,1,1,1,-119.6857639,35.06167467,NA,NA,"AS09PN15","S","P","N",1,"S09","S09PN1","S09PN1","S09","PN","4/19/21 12:34",12,34,12.56666667,"Spring",NA,NA,NA,36.04,NA,37.23,35.81,3,1,"S911","JTMR011DE",0,54987,14,3705,0,215,0,11,0,0,52,0,0,0,1261,0
412,412,"4/19/21 12:49",1,9,0,1,1,-119.6858767,35.06172396,NA,NA,"AS09SN15","S","S","N",1,"S09","S09SN1","S09SN1","S09","SN","4/19/21 12:49",12,49,12.81666667,"Spring",NA,NA,NA,NA,NA,NA,NA,0,0,"S911","JTMR010EW",0,43598,0,1476,0,679,0,703,25,316,0,0,4,0,1775,0
413,413,"4/19/21 12:59",1,9,1,0,1,-119.6859942,35.06130704,NA,NA,"AS09PE15","S","P","E",1,"S09","S09PE1","S09PE1","S09","PE","4/19/21 12:59",12,59,12.98333333,"Spring",NA,NA,NA,NA,NA,NA,NA,0,0,"S901","JTMR010CE",0,63156,0,5702,0,315,0,7,0,123,348,0,14,11,753,0
414,414,"4/19/21 13:07",1,9,0,0,1,-119.6860301,35.06126718,NA,NA,"AS09SE15","S","S","E",1,"S09","S09SE1","S09SE1","S09","SE","4/19/21 13:07",13,7,13.11666667,"Spring",NA,NA,NA,NA,NA,NA,NA,0,0,"S901","JTMR011EF",0,64906,0,1317,0,21,0,57,0,0,28,0,0,0,108,0
416,416,"4/19/21 10:20",1,8,1,1,1,-119.6803251,35.05925036,NA,NA,"AS08PN15","S","P","N",1,"S08","S08PN1","S08PN1","S08","PN","4/19/21 10:20",10,20,10.33333333,"Spring",NA,NA,NA,33.13,33.51,33.57,33.07,4,1,"S811","JTMR010AR",0,42947,0,3269,0,1009,17,32,0,349,191,7,3,195,898,0
417,417,"4/19/21 10:42",1,8,0,1,1,-119.6803061,35.0592554,NA,NA,"AS08SN15","S","S","N",1,"S08","S08SN1","S08SN1","S08","SN","4/19/21 10:42",10,42,10.7,"Spring",NA,NA,NA,NA,NA,NA,NA,0,0,"S811","JTMR010EB",0,32538,0,4640,0,407,0,1568,0,1929,0,4,91,1458,3083,0
418,418,"4/19/21 14:38",1,10,1,0,1,-119.6926353,35.0647591,NA,NA,"AS10PE15","S","P","E",1,"S10","S10PE1","S10PE1","S10","PE","4/19/21 14:38",14,38,14.63333333,"Spring",NA,NA,NA,NA,NA,NA,NA,0,0,"S1001","JTMR010EP",0,34710,0,3536,0,129,0,479,0,613,2,60,4,0,344,0
419,419,"4/19/21 15:52",1,7,1,1,1,-119.6555894,35.08361336,NA,NA,"AS07PN15","S","P","N",1,"S07","S07PN1","S07PN1","S07","PN","4/19/21 15:52",15,52,15.86666667,"Spring",NA,NA,NA,NA,NA,NA,NA,0,0,"S711","JTMR011EU",0,51868,0,13058,0,111,0,0,0,0,0,0,7,0,402,0
420,420,"4/19/21 16:10",1,7,0,1,1,-119.6556631,35.08355597,NA,NA,"AS07SE15","S","S","N",1,"S07","S07SN1","S07SE1","S07","SN","4/19/21 16:10",16,10,16.16666667,"Spring",NA,NA,NA,34.42,36.15,35.67,NA,3,1,"S711","JTMR011EH",0,60088,0,3264,0,204,0,68,0,0,15,0,0,124,980,0
421,421,"4/20/21 8:54",0,1,1,1,1,-119.7464592,35.13335429,NA,NA,"AC01PN15","C","P","N",1,"C01","C01PN1","C01PN1","C01","PN","4/20/21 8:54",8,54,8.9,"Spring",NA,NA,NA,NA,NA,NA,NA,0,0,"C111","JTMR010U",0,59052,0,6793,0,2775,0,110,6,381,104,19,4,13,2244,0
422,422,"4/20/21 9:19",0,1,0,1,1,-119.7465261,35.13336847,NA,NA,"AC01SN15","C","S","N",1,"C01","C01SN1","C01SN1","C01","SN","4/20/21 9:19",9,19,9.316666667,"Spring",NA,NA,NA,NA,NA,NA,NA,0,0,"C111","JTMR011FD",0,47567,10,6747,0,232,0,916,0,0,25,0,0,17,1070,0
423,423,"4/20/21 9:36",0,1,1,0,1,-119.7465626,35.13333827,NA,NA,"AC01PE15","C","P","E",1,"C01","C01PE1","C01PE1","C01","PE","4/20/21 9:36",9,36,9.6,"Spring",NA,NA,NA,NA,NA,NA,NA,0,0,"C101","JTMR010DJ",0,46024,0,1553,0,1417,0,0,0,351,1525,0,18,12,632,0
424,424,"4/20/21 11:58",0,5,1,1,1,-119.7390416,35.12009123,NA,NA,"AC05PN15","C","P","N",1,"C05","C05PN1","C05PN1","C05","PN","4/20/21 11:58",11,58,11.96666667,"Spring",NA,NA,NA,34.1,34.11,34.36,37.6,4,1,"C511","JTMR011H",0,66143,0,3195,0,524,0,18,0,0,348,0,0,146,1686,0
425,425,"4/20/21 12:07",0,5,0,1,1,-119.7390459,35.12011426,NA,NA,"AC05SN15","C","S","N",1,"C05","C05SN1","C05SN1","C05","SN","4/20/21 12:07",12,7,12.11666667,"Spring",NA,NA,NA,NA,NA,NA,NA,0,0,"C511","JTMR011EB",0,46172,10,1622,0,107,0,457,0,0,77,0,0,27,1615,0
426,426,"4/20/21 12:18",0,5,1,0,1,-119.7388057,35.11962447,NA,NA,"AC05PE15","C","P","E",1,"C05","C05PE1","C05PE1","C05","PE","4/20/21 12:18",12,18,12.3,"Spring",NA,NA,NA,NA,NA,NA,NA,0,0,"C501","JTMR010CC",49,50140,9,4213,0,470,0,29,0,606,31,5,59,89,1105,0
427,427,"4/20/21 12:30",0,5,0,0,1,-119.7387258,35.11962593,NA,NA,"AC05SE15","C","S","E",1,"C05","C05SE1","C05SE1","C05","SE","4/20/21 12:30",12,30,12.5,"Spring",NA,NA,NA,NA,NA,NA,NA,0,0,"C501","JTMR011EJ",0,56336,0,620,0,178,0,169,0,0,0,0,0,0,462,0
429,429,"4/20/21 15:06",0,8,1,0,1,-119.7303208,35.11330633,NA,NA,"AC08PE15","C","P","E",1,"C08","C08PE1","C08PE1","C08","PE","4/20/21 15:06",15,6,15.1,"Spring",NA,NA,NA,NA,NA,NA,NA,0,0,"C801","JTMR011DG",0,34996,3,270,0,443,0,11,0,0,63,0,0,53,247,0
430,430,"4/20/21 15:12",0,8,0,0,1,-119.7303044,35.11333615,NA,NA,"AC08SE15","C","S","E",1,"C08","C08SE1","C08SE1","C08","SE","4/20/21 15:12",15,12,15.2,"Spring",NA,NA,NA,NA,NA,NA,NA,0,0,"C801","JTMR010M",0,54041,0,817,0,776,0,164,40,298,121,11,121,37,1943,0
431,431,"4/20/21 16:02",0,7,0,1,1,-119.7328044,35.10881524,NA,NA,"AC07SN15","C","S","N",1,"C07","C07SN1","C07SN1","C07","SN","4/20/21 16:02",16,2,16.03333333,"Spring",NA,NA,NA,NA,NA,NA,NA,0,0,"C711","JTMR010BZ",0,41747,0,4204,0,520,0,482,18,503,37,96,7,64,996,0
432,432,"4/20/21 16:26",0,7,1,0,1,-119.7322054,35.10828516,NA,NA,"AC07PE15","C","P","E",1,"C07","C07PE1","C07PE1","C07","PE","4/20/21 16:26",16,26,16.43333333,"Spring",NA,NA,NA,NA,NA,NA,NA,0,0,"C701","JTMR011DQ",0,77423,0,2289,0,60,0,10,0,0,3,0,32,6,64,0
434,434,"4/20/21 9:33",0,1,0,0,1,-119.7461097,35.13267475,NA,NA,"AC01SE15","C","S","E",1,"C01","C01SE1","C01SE1","C01","SE","4/20/21 9:33",9,33,9.55,"Spring",NA,NA,NA,NA,NA,NA,NA,0,0,"C101","JTMR010A",0,69515,0,2125,0,1317,0,147,18,584,17,17,0,28,10885,0
437,437,"4/20/21 13:35",0,6,0,1,1,-119.7484989,35.11545547,NA,NA,"AC06SN15","C","S","N",1,"C06","C06SN1","C06SN1","C06","SN","4/20/21 13:35",13,35,13.58333333,"Spring",NA,NA,NA,NA,NA,NA,NA,0,0,"C611","JTMR011AW",0,46960,17,1759,0,281,0,385,0,0,64,0,0,0,675,0
438,438,"4/20/21 13:40",0,6,1,1,1,-119.7481216,35.08300489,NA,NA,"AC06PN15","C","P","N",1,"C06","C06PN1","C06PN1","C06","PN","4/20/21 13:40",13,40,13.66666667,"Spring",NA,NA,NA,NA,NA,NA,NA,0,0,"C611","JTMR010EH",0,51764,0,2267,0,1031,0,2,15,159,116,14,0,2,3104,0
439,439,"4/20/21 13:55",0,6,0,0,1,-119.7480654,35.11496663,NA,NA,"AC06SE15","C","S","E",1,"C06","C06SE1","C06SE1","C06","SE","4/20/21 13:55",13,55,13.91666667,"Spring",NA,NA,NA,NA,NA,NA,NA,0,0,"C601","JTMR010BQ",0,62284,5,1379,0,449,0,95,5,436,23,0,3,0,477,0
440,440,"4/20/21 14:46",0,8,1,1,1,-119.7311212,35.11667308,NA,NA,"AC08PN15","C","P","N",1,"C08","C08PN1","C08PN1","C08","PN","4/20/21 14:46",14,46,14.76666667,"Spring",NA,NA,NA,NA,36.89,NA,36.13,2,0,"C811","JTMR010BP",0,72240,0,3163,0,1504,0,15,11,414,0,2,41,22,708,0
441,441,"4/21/21 8:25",1,6,1,1,1,-119.6600529,35.08097156,NA,NA,"AS06PN15","S","P","N",1,"S06","S06PN1","S06PN1","S06","PN","4/21/21 8:25",8,25,8.416666667,"Spring",NA,NA,NA,NA,NA,NA,NA,0,0,"S611","JTMR011BE",0,71280,0,1219,0,159,0,72,0,0,46,0,0,0,420,0
442,442,"4/21/21 8:36",1,6,0,1,1,-119.6600839,35.08096151,NA,NA,"AS06SN15","S","S","N",1,"S06","S06SN1","S06SN1","S06","SN","4/21/21 8:36",8,36,8.6,"Spring",NA,NA,NA,NA,NA,NA,NA,0,0,"S611","JTMR011FB",0,46835,0,2300,0,50,0,644,0,0,17,0,9,48,831,0
444,444,"4/21/21 8:57",1,6,1,0,1,-119.6595725,35.0814153,NA,NA,"AS06PE15","S","P","E",1,"S06","S06PE1","S06PE1","S06","PE","4/21/21 8:57",8,57,8.95,"Spring",NA,NA,NA,NA,NA,NA,NA,0,0,"S601","JTMR011AK",0,63676,0,422,0,8,0,110,0,0,98,0,14,0,304,0
445,445,"4/21/21 9:06",1,6,0,0,1,-119.659586,35.08134149,NA,NA,"AS06SE15","S","S","E",1,"S06","S06SE1","S06SE1","S06","SE","4/21/21 9:06",9,6,9.1,"Spring",NA,NA,NA,NA,NA,NA,NA,0,0,"S601","JTMR010CR",0,93760,0,7660,0,228,0,702,9,632,0,32,0,12,463,0
446,446,"4/21/21 10:04",0,2,1,1,1,-119.7284223,35.1303838,NA,NA,"AC02SN15","C","P","N",1,"C02","C02PN1","C02SN1","C02","PN","4/21/21 10:04",10,4,10.06666667,"Spring",NA,NA,NA,NA,NA,NA,NA,0,0,"C211","JTMR010FG",0,49160,7,2744,0,494,0,297,14,111,399,17,2,8,1011,0
447,447,"4/21/21 10:21",0,2,0,1,1,-119.72299,35.13051497,NA,NA,"AC02PN15","C","S","N",1,"C02","C02SN1","C02PN1","C02","SN","4/21/21 10:21",10,21,10.35,"Spring",NA,NA,NA,NA,NA,NA,NA,0,0,"C211","JTMR010O",0,68288,5,2161,0,1739,0,0,0,396,0,0,0,25,1132,0
448,448,"4/21/21 10:41",0,2,0,0,1,-119.7226716,35.13090319,NA,NA,"AC02SE15","C","S","E",1,"C02","C02SE1","C02SE1","C02","SE","4/21/21 10:41",10,41,10.68333333,"Spring",NA,NA,NA,NA,NA,NA,NA,0,0,"C201","JTMR010AW",0,44788,9,665,0,1025,0,171,0,421,89,141,5,10,757,0
451,451,"4/21/21 12:14",0,4,0,0,1,-119.724714,35.1218074,NA,NA,"AC04SE15","C","S","E",1,"C04","C04SE1","C04SE1","C04","SE","4/21/21 12:14",12,14,12.23333333,"Spring",NA,NA,NA,NA,NA,NA,NA,0,0,"C401","JTMR010CT",0,83461,0,4138,0,429,0,352,12,346,0,0,11,43,1100,0
453,453,"4/21/21 13:45",0,10,1,0,1,-119.701476,35.11423216,NA,NA,"AC10PE15","C","P","E",1,"C10","C10PE1","C10PE1","C10","PE","4/21/21 13:45",13,45,13.75,"Spring",NA,NA,NA,NA,NA,NA,NA,0,0,"C1001","JTMR010BH",0,55438,0,3068,0,109,0,0,0,80,230,0,0,0,404,0
454,454,"4/21/21 13:54",0,10,0,0,1,-119.7014153,35.11426241,NA,NA,"AC10SE15","C","S","E",1,"C10","C10SE1","C10SE1","C10","SE","4/21/21 13:54",13,54,13.9,"Spring",NA,NA,NA,NA,NA,NA,NA,0,0,"C1001","JTMR011BO",0,54895,2,3485,0,68,0,15,0,0,44,0,18,2,274,0
458,458,"4/21/21 16:54",1,1,1,0,1,-119.6693035,35.08245118,NA,NA,"AS01PE15","S","P","E",1,"S01","S01PE1","S01PE1","S01","PE","4/21/21 16:54",16,54,16.9,"Spring",NA,NA,NA,NA,NA,NA,NA,0,0,"S101","JTMR011G",0,59416,0,5060,0,389,0,0,0,0,102,0,0,0,5144,0
459,459,"4/21/21 17:06",1,1,0,0,1,-119.6692839,35.08246879,NA,NA,"AS01SE15","S","S","E",1,"S01","S01SE1","S01SE1","S01","SE","4/21/21 17:06",17,6,17.1,"Spring",NA,NA,NA,NA,NA,NA,NA,0,0,"S101","JTMR011DV",0,52985,0,8450,0,84,0,102,0,0,44,0,0,0,2426,0
460,460,"4/22/21 8:26",1,5,1,1,1,-119.6803809,35.08381932,NA,NA,"AS05PN15","S","P","N",1,"S05","S05PN1","S05PN1","S05","PN","4/22/21 8:26",8,26,8.433333333,"Spring",NA,NA,NA,36.79,NA,36.95,NA,2,0,"S511","JTMR011Q",0,45645,0,1141,0,273,0,0,0,0,58,0,2,64,656,0
461,461,"4/22/21 8:49",1,5,0,1,1,-119.6802974,35.08218187,NA,NA,"AS05SN15","S","S","N",1,"S05","S05SN1","S05SN1","S05","SN","4/22/21 8:49",8,49,8.816666667,"Spring",NA,NA,NA,NA,NA,NA,NA,0,0,"S511","JTMR010AY",0,51516,0,3291,0,336,0,619,0,141,0,19,0,4,1471,0
462,462,"4/22/21 9:05",1,5,0,0,1,-119.6807346,35.08221517,NA,NA,"AS05SE15","S","S","E",1,"S05","S05SE1","S05SE1","S05","SE","4/22/21 9:05",9,5,9.083333333,"Spring",NA,NA,NA,NA,NA,NA,NA,0,0,"S501","JTMR011BV",0,47273,0,4274,0,107,0,260,0,0,17,0,13,0,2969,0
464,464,"4/22/21 9:56",1,2,1,0,1,-119.6743708,35.08460265,NA,NA,"AS02PE15","S","P","E",1,"S02","S02PE1","S02PE1","S02","PE","4/22/21 9:56",9,56,9.933333333,"Spring",NA,NA,NA,NA,NA,NA,NA,0,0,"S201","JTMR010H",0,48646,0,3808,0,2910,0,0,0,204,13,5,0,0,2110,0
465,465,"4/22/21 10:14",1,2,0,0,1,-119.6748002,35.08415087,NA,NA,"AS02SE15","S","S","E",1,"S02","S02SE1","S02SE1","S02","SE","4/22/21 10:14",10,14,10.23333333,"Spring",NA,NA,NA,NA,NA,NA,NA,0,0,"S201","JTMR010DZ",0,50637,0,4815,0,146,0,99,8,301,5,34,0,107,1362,0
477,477,"4/20/21 13:47",0,6,1,0,1,-119.7475458,35.11453835,NA,NA,"AC06PE15","C","P","E",1,"C06","C06PE1","C06PE1","C06","PE","4/20/21 13:47",13,47,13.78333333,"Spring",NA,NA,NA,NA,NA,NA,NA,0,0,"C601","JTMR010EM",0,53570,0,2979,0,567,0,0,10,138,133,0,116,65,1354,0
478,478,"4/20/21 14:51",0,8,0,1,1,-119.729769,35.11306696,NA,NA,"AC08SN15","C","S","N",1,"C08","C08SN1","C08SN1","C08","SN","4/20/21 14:51",14,51,14.85,"Spring",NA,NA,NA,NA,NA,NA,NA,0,0,"C811","JTMR010CJ",0,40610,0,2974,0,948,0,151,57,1004,0,5,0,254,686,0
479,479,"4/20/21 15:55",0,7,1,1,1,-119.7328116,35.10880071,NA,NA,"AC07PN15","C","P","N",1,"C07","C07PN1","C07PN1","C07","PN","4/20/21 15:55",15,55,15.91666667,"Spring",NA,NA,NA,34.63,34.58,34.62,34.33,4,1,"C711","JTMR010AS",0,66202,0,3000,0,864,0,564,13,820,19,14,2,0,1373,0
481,481,"4/20/21 16:36",0,7,0,0,1,-119.7322485,35.10831569,NA,NA,"AC07SE15","C","S","E",1,"C07","C07SE1","C07SE1","C07","SE","4/20/21 16:36",16,36,16.6,"Spring",NA,NA,NA,NA,NA,NA,NA,0,0,"C701","JTMR011L",0,53462,0,3814,0,10,0,69,0,0,28,0,0,4,598,0
483,483,"4/21/21 10:26",0,2,1,0,1,-119.7226224,35.13081797,NA,NA,"AC02PE15","C","P","E",1,"C02","C02PE1","C02PE1","C02","PE","4/21/21 10:26",10,26,10.43333333,"Spring",NA,NA,NA,NA,NA,NA,NA,0,0,"C201","JTMR011BH",0,57420,0,1305,0,168,0,87,0,0,200,0,2619,0,651,0
484,484,"4/21/21 11:22",0,4,1,1,1,-119.7242392,35.12222962,NA,NA,"AC04PN15","C","P","N",1,"C04","C04PN1","C04PN1","C04","PN","4/21/21 11:22",11,22,11.36666667,"Spring",NA,NA,NA,NA,NA,NA,NA,0,0,"C411","JTMR010N",0,37766,5,2082,0,650,0,0,3,65,0,0,0,82,370,0
485,485,"4/21/21 11:30",0,4,0,1,1,-119.7242543,35.12227227,NA,NA,"AC04SN15","C","S","N",1,"C04","C04SN1","C04SN1","C04","SN","4/21/21 11:30",11,30,11.5,"Spring",NA,NA,NA,34.41,35.84,34.38,36.86,4,1,"C411","JTMR011CC",0,51891,0,2247,0,126,0,333,0,0,4,0,26,98,558,0
486,486,"4/21/21 13:09",0,10,1,1,1,-119.701232,35.11467272,NA,NA,"AC10PN15","C","P","N",1,"C10","C10PN1","C10PN1","C10","PN","4/21/21 13:09",13,9,13.15,"Spring",NA,NA,NA,34.46,34.87,34.04,34.95,4,1,"C1011","JTMR010AF",0,77133,0,893,0,121,0,0,0,33,251,0,0,6,132,0
487,487,"4/21/21 13:18",0,10,0,1,1,-119.7012055,35.1145965,NA,NA,"AC10SN15","C","S","N",1,"C10","C10SN1","C10SN1","C10","SN","4/21/21 13:18",13,18,13.3,"Spring",NA,NA,NA,NA,NA,NA,NA,0,0,"C1011","JTMR011DZ",0,65020,0,1660,0,256,0,7,0,0,177,0,11,0,318,0
491,491,"4/21/21 16:39",1,1,1,1,1,-119.6694763,35.08286182,NA,NA,"AS01PN15","S","P","N",1,"S01","S01PN1","S01PN1","S01","PN","4/21/21 16:39",16,39,16.65,"Spring",NA,NA,NA,NA,NA,NA,NA,0,0,"S111","JTMR010EY",0,62574,0,1084,0,195,0,4,0,499,158,8,2,0,1616,0
492,492,"4/21/21 16:49",1,1,0,1,1,-119.6695707,35.08290121,NA,NA,"AS01SN15","S","S","N",1,"S01","S01SN1","S01SN1","S01","SN","4/21/21 16:49",16,49,16.81666667,"Spring",NA,NA,NA,NA,NA,NA,NA,0,0,"S111","JTMR011BP",0,50310,0,2322,0,201,0,163,0,0,129,0,0,21,447,0
494,494,"4/22/21 8:53",1,5,1,0,1,-119.6807534,35.08219474,NA,NA,"AS05PE15","S","P","E",1,"S05","S05PE1","S05PE1","S05","PE","4/22/21 8:53",8,53,8.883333333,"Spring",NA,NA,NA,NA,NA,NA,NA,0,0,"S501","JTMR011AP",0,60297,4,928,0,113,0,139,0,0,187,0,0,35,591,0
495,495,"4/22/21 9:49",1,2,1,1,1,-119.6752519,35.08399229,NA,NA,"AS02SN15","S","P","N",1,"S02","S02PN1","S02SN1","S02","PN","4/22/21 9:49",9,49,9.816666667,"Spring",NA,NA,NA,30.32,31.34,31.46,31.43,4,1,"S211","JTMR010Z",0,56637,0,3908,0,4344,3,0,0,250,49,0,0,0,5430,0
496,496,"4/22/21 9:55",1,2,0,1,1,-119.6753931,35.08397755,NA,NA,"AS02PN15","S","S","N",1,"S02","S02SN1","S02PN1","S02","SN","4/22/21 9:55",9,55,9.916666667,"Spring",NA,NA,NA,NA,NA,NA,NA,0,0,"S211","JTMR011DD",0,41518,0,2387,0,24,0,301,0,0,140,0,0,25,725,0
